This is pdfTeX, Version 3.141592653-2.6-1.40.28 (TeX Live 2025) (preloaded format=pdflatex 2026.2.24)  1 APR 2026 00:35
entering extended mode
 restricted \write18 enabled.
 %&-line parsing enabled.
**dissertation.tex
(./dissertation.tex
LaTeX2e <2025-11-01>
L3 programming layer <2025-11-06>
(/usr/local/texlive/2025/texmf-dist/tex/latex/base/report.cls
Document Class: report 2025/01/22 v1.4n Standard LaTeX document class
(/usr/local/texlive/2025/texmf-dist/tex/latex/base/size12.clo
File: size12.clo 2025/01/22 v1.4n Standard LaTeX file (size option)
)
\c@part=\count275
\c@chapter=\count276
\c@section=\count277
\c@subsection=\count278
\c@subsubsection=\count279
\c@paragraph=\count280
\c@subparagraph=\count281
\c@figure=\count282
\c@table=\count283
\abovecaptionskip=\skip49
\belowcaptionskip=\skip50
\bibindent=\dimen148
) (/usr/local/texlive/2025/texmf-dist/tex/latex/geometry/geometry.sty
Package: geometry 2020/01/02 v5.9 Page Geometry
 (/usr/local/texlive/2025/texmf-dist/tex/latex/graphics/keyval.sty
Package: keyval 2022/05/29 v1.15 key=value parser (DPC)
\KV@toks@=\toks17
) (/usr/local/texlive/2025/texmf-dist/tex/generic/iftex/ifvtex.sty
Package: ifvtex 2019/10/25 v1.7 ifvtex legacy package. Use iftex instead.
 (/usr/local/texlive/2025/texmf-dist/tex/generic/iftex/iftex.sty
Package: iftex 2024/12/12 v1.0g TeX engine tests
))
\Gm@cnth=\count284
\Gm@cntv=\count285
\c@Gm@tempcnt=\count286
\Gm@bindingoffset=\dimen149
\Gm@wd@mp=\dimen150
\Gm@odd@mp=\dimen151
\Gm@even@mp=\dimen152
\Gm@layoutwidth=\dimen153
\Gm@layoutheight=\dimen154
\Gm@layouthoffset=\dimen155
\Gm@layoutvoffset=\dimen156
\Gm@dimlist=\toks18
) (/usr/local/texlive/2025/texmf-dist/tex/latex/base/fontenc.sty
Package: fontenc 2025/07/18 v2.1d Standard LaTeX package
) (/usr/local/texlive/2025/texmf-dist/tex/latex/base/inputenc.sty
Package: inputenc 2024/02/08 v1.3d Input encoding file
\inpenc@prehook=\toks19
\inpenc@posthook=\toks20
) (/usr/local/texlive/2025/texmf-dist/tex/latex/psnfss/mathptmx.sty
Package: mathptmx 2020/03/25 PSNFSS-v9.3 Times w/ Math, improved (SPQR, WaS) 
LaTeX Font Info:    Redeclaring symbol font `operators' on input line 28.
LaTeX Font Info:    Overwriting symbol font `operators' in version `normal'
(Font)                  OT1/cmr/m/n --> OT1/ztmcm/m/n on input line 28.
LaTeX Font Info:    Overwriting symbol font `operators' in version `bold'
(Font)                  OT1/cmr/bx/n --> OT1/ztmcm/m/n on input line 28.
LaTeX Font Info:    Redeclaring symbol font `letters' on input line 29.
LaTeX Font Info:    Overwriting symbol font `letters' in version `normal'
(Font)                  OML/cmm/m/it --> OML/ztmcm/m/it on input line 29.
LaTeX Font Info:    Overwriting symbol font `letters' in version `bold'
(Font)                  OML/cmm/b/it --> OML/ztmcm/m/it on input line 29.
LaTeX Font Info:    Redeclaring symbol font `symbols' on input line 30.
LaTeX Font Info:    Overwriting symbol font `symbols' in version `normal'
(Font)                  OMS/cmsy/m/n --> OMS/ztmcm/m/n on input line 30.
LaTeX Font Info:    Overwriting symbol font `symbols' in version `bold'
(Font)                  OMS/cmsy/b/n --> OMS/ztmcm/m/n on input line 30.
LaTeX Font Info:    Redeclaring symbol font `largesymbols' on input line 31.
LaTeX Font Info:    Overwriting symbol font `largesymbols' in version `normal'
(Font)                  OMX/cmex/m/n --> OMX/ztmcm/m/n on input line 31.
LaTeX Font Info:    Overwriting symbol font `largesymbols' in version `bold'
(Font)                  OMX/cmex/m/n --> OMX/ztmcm/m/n on input line 31.
\symbold=\mathgroup4
\symitalic=\mathgroup5
LaTeX Font Info:    Redeclaring math alphabet \mathbf on input line 34.
LaTeX Font Info:    Overwriting math alphabet `\mathbf' in version `normal'
(Font)                  OT1/cmr/bx/n --> OT1/ptm/bx/n on input line 34.
LaTeX Font Info:    Overwriting math alphabet `\mathbf' in version `bold'
(Font)                  OT1/cmr/bx/n --> OT1/ptm/bx/n on input line 34.
LaTeX Font Info:    Redeclaring math alphabet \mathit on input line 35.
LaTeX Font Info:    Overwriting math alphabet `\mathit' in version `normal'
(Font)                  OT1/cmr/m/it --> OT1/ptm/m/it on input line 35.
LaTeX Font Info:    Overwriting math alphabet `\mathit' in version `bold'
(Font)                  OT1/cmr/bx/it --> OT1/ptm/m/it on input line 35.
LaTeX Info: Redefining \hbar on input line 50.
) (/usr/local/texlive/2025/texmf-dist/tex/latex/microtype/microtype.sty
Package: microtype 2025/07/09 v3.2b Micro-typographical refinements (RS)
 (/usr/local/texlive/2025/texmf-dist/tex/latex/etoolbox/etoolbox.sty
Package: etoolbox 2025/10/02 v2.5m e-TeX tools for LaTeX (JAW)
\etb@tempcnta=\count287
)
\MT@toks=\toks21
\MT@tempbox=\box53
\MT@count=\count288
LaTeX Info: Redefining \noprotrusionifhmode on input line 1087.
LaTeX Info: Redefining \leftprotrusion on input line 1088.
\MT@prot@toks=\toks22
LaTeX Info: Redefining \rightprotrusion on input line 1107.
LaTeX Info: Redefining \textls on input line 1449.
\MT@outer@kern=\dimen157
LaTeX Info: Redefining \microtypecontext on input line 2053.
LaTeX Info: Redefining \textmicrotypecontext on input line 2070.
\MT@listname@count=\count289
 (/usr/local/texlive/2025/texmf-dist/tex/latex/microtype/microtype-pdftex.def
File: microtype-pdftex.def 2025/07/09 v3.2b Definitions specific to pdftex (RS)
LaTeX Info: Redefining \lsstyle on input line 944.
LaTeX Info: Redefining \lslig on input line 944.
\MT@outer@space=\skip51
)
Package microtype Info: Loading configuration file microtype.cfg.
 (/usr/local/texlive/2025/texmf-dist/tex/latex/microtype/microtype.cfg
File: microtype.cfg 2025/07/09 v3.2b microtype main configuration file (RS)
)
LaTeX Info: Redefining \microtypesetup on input line 3065.
) (/usr/local/texlive/2025/texmf-dist/tex/latex/setspace/setspace.sty
Package: setspace 2022/12/04 v6.7b set line spacing
) (/usr/local/texlive/2025/texmf-dist/tex/latex/natbib/natbib.sty
Package: natbib 2010/09/13 8.31b (PWD, AO)
\bibhang=\skip52
\bibsep=\skip53
LaTeX Info: Redefining \cite on input line 694.
\c@NAT@ctr=\count290
)
(/usr/local/texlive/2025/texmf-dist/tex/latex/cite/chapterbib.sty
\c@inputfile=\count291
Package: chapterbib 2010/09/18  v 1.17
) (/usr/local/texlive/2025/texmf-dist/tex/latex/tocloft/tocloft.sty
Package: tocloft 2017/08/31 v2.3i parameterised ToC, etc., typesetting
Package tocloft Info: The document has chapter divisions on input line 51.
\cftparskip=\skip54
\cftbeforetoctitleskip=\skip55
\cftaftertoctitleskip=\skip56
\cftbeforepartskip=\skip57
\cftpartnumwidth=\skip58
\cftpartindent=\skip59
\cftbeforechapskip=\skip60
\cftchapindent=\skip61
\cftchapnumwidth=\skip62
\cftbeforesecskip=\skip63
\cftsecindent=\skip64
\cftsecnumwidth=\skip65
\cftbeforesubsecskip=\skip66
\cftsubsecindent=\skip67
\cftsubsecnumwidth=\skip68
\cftbeforesubsubsecskip=\skip69
\cftsubsubsecindent=\skip70
\cftsubsubsecnumwidth=\skip71
\cftbeforeparaskip=\skip72
\cftparaindent=\skip73
\cftparanumwidth=\skip74
\cftbeforesubparaskip=\skip75
\cftsubparaindent=\skip76
\cftsubparanumwidth=\skip77
\cftbeforeloftitleskip=\skip78
\cftafterloftitleskip=\skip79
\cftbeforefigskip=\skip80
\cftfigindent=\skip81
\cftfignumwidth=\skip82
\c@lofdepth=\count292
\c@lotdepth=\count293
\cftbeforelottitleskip=\skip83
\cftafterlottitleskip=\skip84
\cftbeforetabskip=\skip85
\cfttabindent=\skip86
\cfttabnumwidth=\skip87
) (/usr/local/texlive/2025/texmf-dist/tex/latex/graphics/graphicx.sty
Package: graphicx 2024/12/31 v1.2e Enhanced LaTeX Graphics (DPC,SPQR)
 (/usr/local/texlive/2025/texmf-dist/tex/latex/graphics/graphics.sty
Package: graphics 2024/08/06 v1.4g Standard LaTeX Graphics (DPC,SPQR)
 (/usr/local/texlive/2025/texmf-dist/tex/latex/graphics/trig.sty
Package: trig 2023/12/02 v1.11 sin cos tan (DPC)
) (/usr/local/texlive/2025/texmf-dist/tex/latex/graphics-cfg/graphics.cfg
File: graphics.cfg 2016/06/04 v1.11 sample graphics configuration
)
Package graphics Info: Driver file: pdftex.def on input line 106.
 (/usr/local/texlive/2025/texmf-dist/tex/latex/graphics-def/pdftex.def
File: pdftex.def 2025/09/29 v1.2d Graphics/color driver for pdftex
))
\Gin@req@height=\dimen158
\Gin@req@width=\dimen159
) (/usr/local/texlive/2025/texmf-dist/tex/latex/caption/caption.sty
Package: caption 2023/08/05 v3.6o Customizing captions (AR)
 (/usr/local/texlive/2025/texmf-dist/tex/latex/caption/caption3.sty
Package: caption3 2023/07/31 v2.4d caption3 kernel (AR)
\caption@tempdima=\dimen160
\captionmargin=\dimen161
\caption@leftmargin=\dimen162
\caption@rightmargin=\dimen163
\caption@width=\dimen164
\caption@indent=\dimen165
\caption@parindent=\dimen166
\caption@hangindent=\dimen167
Package caption Info: Standard document class detected.
)
\c@caption@flags=\count294
\c@continuedfloat=\count295
) (/usr/local/texlive/2025/texmf-dist/tex/latex/subfig/subfig.sty
Package: subfig 2005/06/28 ver: 1.3 subfig package
\c@KVtest=\count296
\sf@farskip=\skip88
\sf@captopadj=\dimen168
\sf@capskip=\skip89
\sf@nearskip=\skip90
\c@subfigure=\count297
\c@subfigure@save=\count298
\c@subtable=\count299
\c@subtable@save=\count300
\sf@top=\skip91
\sf@bottom=\skip92
) (/usr/local/texlive/2025/texmf-dist/tex/latex/float/float.sty
Package: float 2001/11/08 v1.3d Float enhancements (AL)
\c@float@type=\count301
\float@exts=\toks23
\float@box=\box54
\@float@everytoks=\toks24
\@floatcapt=\box55
) (/usr/local/texlive/2025/texmf-dist/tex/latex/placeins/placeins.sty
Package: placeins 2005/04/18  v 2.2
) (/usr/local/texlive/2025/texmf-dist/tex/latex/adjustbox/adjustbox.sty
Package: adjustbox 2025/02/26 v1.3c Adjusting TeX boxes (trim, clip, ...)
 (/usr/local/texlive/2025/texmf-dist/tex/latex/xkeyval/xkeyval.sty
Package: xkeyval 2025/11/04 v2.10 package option processing (HA)

(/usr/local/texlive/2025/texmf-dist/tex/generic/xkeyval/xkeyval.tex (/usr/local/texlive/2025/texmf-dist/tex/generic/xkeyval/xkvutils.tex
\XKV@toks=\toks25
\XKV@tempa@toks=\toks26
\XKV@tempb@toks=\toks27
)
\XKV@depth=\count302
File: xkeyval.tex 2014/12/03 v2.7a key=value parser (HA)
)) (/usr/local/texlive/2025/texmf-dist/tex/latex/adjustbox/adjcalc.sty
Package: adjcalc 2012/05/16 v1.1 Provides advanced setlength with multiple back-ends (calc, etex, pgfmath)
) (/usr/local/texlive/2025/texmf-dist/tex/latex/adjustbox/trimclip.sty
Package: trimclip 2025/02/21 v1.2a Trim and clip general TeX material
 (/usr/local/texlive/2025/texmf-dist/tex/latex/collectbox/collectbox.sty
Package: collectbox 2022/10/17 v0.4c Collect macro arguments as boxes
\collectedbox=\box56
)
\tc@llx=\dimen169
\tc@lly=\dimen170
\tc@urx=\dimen171
\tc@ury=\dimen172
Package trimclip Info: Using driver 'tc-pdftex.def'.
 (/usr/local/texlive/2025/texmf-dist/tex/latex/adjustbox/tc-pdftex.def
File: tc-pdftex.def 2025/02/26 v2.3 Clipping driver for pdftex
))
\adjbox@Width=\dimen173
\adjbox@Height=\dimen174
\adjbox@Depth=\dimen175
\adjbox@Totalheight=\dimen176
\adjbox@pwidth=\dimen177
\adjbox@pheight=\dimen178
\adjbox@pdepth=\dimen179
\adjbox@ptotalheight=\dimen180
 (/usr/local/texlive/2025/texmf-dist/tex/latex/ifoddpage/ifoddpage.sty
Package: ifoddpage 2022/10/18 v1.2 Conditionals for odd/even page detection
\c@checkoddpage=\count303
) (/usr/local/texlive/2025/texmf-dist/tex/latex/varwidth/varwidth.sty
Package: varwidth 2009/03/30 ver 0.92;  Variable-width minipages
\@vwid@box=\box57
\sift@deathcycles=\count304
\@vwid@loff=\dimen181
\@vwid@roff=\dimen182
)
==> First Aid for varwidth.sty applied!
) (/usr/local/texlive/2025/texmf-dist/tex/latex/wrapfig/wrapfig.sty
\wrapoverhang=\dimen183
\WF@size=\dimen184
\c@WF@wrappedlines=\count305
\WF@box=\box58
\WF@everypar=\toks28
Package: wrapfig 2003/01/31  v 3.6
) (/usr/local/texlive/2025/texmf-dist/tex/latex/graphics/rotating.sty
Package: rotating 2025/01/14 v2.16e rotated objects in LaTeX
 (/usr/local/texlive/2025/texmf-dist/tex/latex/base/ifthen.sty
Package: ifthen 2024/03/16 v1.1e Standard LaTeX ifthen package (DPC)
)
\c@r@tfl@t=\count306
\rotFPtop=\skip93
\rotFPbot=\skip94
\rot@float@box=\box59
\rot@mess@toks=\toks29
) (/usr/local/texlive/2025/texmf-dist/tex/latex/amsmath/amsmath.sty
Package: amsmath 2025/07/09 v2.17z AMS math features
\@mathmargin=\skip95

For additional information on amsmath, use the `?' option.
(/usr/local/texlive/2025/texmf-dist/tex/latex/amsmath/amstext.sty
Package: amstext 2024/11/17 v2.01 AMS text
 (/usr/local/texlive/2025/texmf-dist/tex/latex/amsmath/amsgen.sty
File: amsgen.sty 1999/11/30 v2.0 generic functions
\@emptytoks=\toks30
\ex@=\dimen185
)) (/usr/local/texlive/2025/texmf-dist/tex/latex/amsmath/amsbsy.sty
Package: amsbsy 1999/11/29 v1.2d Bold Symbols
\pmbraise@=\dimen186
) (/usr/local/texlive/2025/texmf-dist/tex/latex/amsmath/amsopn.sty
Package: amsopn 2022/04/08 v2.04 operator names
)
\inf@bad=\count307
LaTeX Info: Redefining \frac on input line 233.
\uproot@=\count308
\leftroot@=\count309
LaTeX Info: Redefining \overline on input line 398.
LaTeX Info: Redefining \colon on input line 409.
\classnum@=\count310
\DOTSCASE@=\count311
LaTeX Info: Redefining \ldots on input line 495.
LaTeX Info: Redefining \dots on input line 498.
LaTeX Info: Redefining \cdots on input line 619.
\Mathstrutbox@=\box60
\strutbox@=\box61
LaTeX Info: Redefining \big on input line 721.
LaTeX Info: Redefining \Big on input line 722.
LaTeX Info: Redefining \bigg on input line 723.
LaTeX Info: Redefining \Bigg on input line 724.
\big@size=\dimen187
LaTeX Font Info:    Redeclaring font encoding OML on input line 742.
LaTeX Font Info:    Redeclaring font encoding OMS on input line 743.
\macc@depth=\count312
LaTeX Info: Redefining \bmod on input line 904.
LaTeX Info: Redefining \pmod on input line 909.
LaTeX Info: Redefining \smash on input line 939.
LaTeX Info: Redefining \relbar on input line 969.
LaTeX Info: Redefining \Relbar on input line 970.
\c@MaxMatrixCols=\count313
\dotsspace@=\muskip17
\c@parentequation=\count314
\dspbrk@lvl=\count315
\tag@help=\toks31
\row@=\count316
\column@=\count317
\maxfields@=\count318
\andhelp@=\toks32
\eqnshift@=\dimen188
\alignsep@=\dimen189
\tagshift@=\dimen190
\tagwidth@=\dimen191
\totwidth@=\dimen192
\lineht@=\dimen193
\@envbody=\toks33
\multlinegap=\skip96
\multlinetaggap=\skip97
\mathdisplay@stack=\toks34
LaTeX Info: Redefining \[ on input line 2950.
LaTeX Info: Redefining \] on input line 2951.
) (/usr/local/texlive/2025/texmf-dist/tex/latex/amsfonts/amssymb.sty
Package: amssymb 2013/01/14 v3.01 AMS font symbols
 (/usr/local/texlive/2025/texmf-dist/tex/latex/amsfonts/amsfonts.sty
Package: amsfonts 2013/01/14 v3.01 Basic AMSFonts support
\symAMSa=\mathgroup6
\symAMSb=\mathgroup7
LaTeX Font Info:    Overwriting math alphabet `\mathfrak' in version `bold'
(Font)                  U/euf/m/n --> U/euf/b/n on input line 106.
)) (/usr/local/texlive/2025/texmf-dist/tex/latex/amscls/amsthm.sty
Package: amsthm 2020/05/29 v2.20.6
\thm@style=\toks35
\thm@bodyfont=\toks36
\thm@headfont=\toks37
\thm@notefont=\toks38
\thm@headpunct=\toks39
\thm@preskip=\skip98
\thm@postskip=\skip99
\thm@headsep=\skip100
\dth@everypar=\toks40
) (/usr/local/texlive/2025/texmf-dist/tex/latex/jknapltx/mathrsfs.sty
Package: mathrsfs 1996/01/01 Math RSFS package v1.0 (jk)
\symrsfs=\mathgroup8
) (/usr/local/texlive/2025/texmf-dist/tex/latex/bbm-macros/bbm.sty
Package: bbm 1999/03/15 V 1.2 provides fonts for set symbols - TH
LaTeX Font Info:    Overwriting math alphabet `\mathbbm' in version `bold'
(Font)                  U/bbm/m/n --> U/bbm/bx/n on input line 33.
LaTeX Font Info:    Overwriting math alphabet `\mathbbmss' in version `bold'
(Font)                  U/bbmss/m/n --> U/bbmss/bx/n on input line 35.
) (/usr/local/texlive/2025/texmf-dist/tex/latex/tools/bm.sty
Package: bm 2025/10/21 v1.2g Bold Symbol Support (DPC/FMi)
Package bm Info: No bold for \OT1/ztmcm/m/n, using \pmb.
Package bm Info: No bold for \OML/ztmcm/m/it, using \pmb.
Package bm Info: No bold for \OMS/ztmcm/m/n, using \pmb.
Package bm Info: No bold for \OMX/ztmcm/m/n, using \pmb.
Package bm Info: No bold for \OT1/ptm/bx/n, using \pmb.
Package bm Info: No bold for \OT1/ptm/m/it, using \pmb.
Package bm Info: No bold for \U/msa/m/n, using \pmb.
Package bm Info: No bold for \U/msb/m/n, using \pmb.
Package bm Info: No bold for \U/rsfs/m/n, using \pmb.
) (/usr/local/texlive/2025/texmf-dist/tex/latex/tools/array.sty
Package: array 2025/09/25 v2.6n Tabular extension package (FMi)
\col@sep=\dimen194
\ar@mcellbox=\box62
\extrarowheight=\dimen195
\NC@list=\toks41
\extratabsurround=\skip101
\backup@length=\skip102
\ar@cellbox=\box63
) (/usr/local/texlive/2025/texmf-dist/tex/latex/tools/tabularx.sty
Package: tabularx 2023/12/11 v2.12a `tabularx' package (DPC)
\TX@col@width=\dimen196
\TX@old@table=\dimen197
\TX@old@col=\dimen198
\TX@target=\dimen199
\TX@delta=\dimen256
\TX@cols=\count319
\TX@ftn=\toks42
) (/usr/local/texlive/2025/texmf-dist/tex/latex/booktabs/booktabs.sty
Package: booktabs 2020/01/12 v1.61803398 Publication quality tables
\heavyrulewidth=\dimen257
\lightrulewidth=\dimen258
\cmidrulewidth=\dimen259
\belowrulesep=\dimen260
\belowbottomsep=\dimen261
\aboverulesep=\dimen262
\abovetopsep=\dimen263
\cmidrulesep=\dimen264
\cmidrulekern=\dimen265
\defaultaddspace=\dimen266
\@cmidla=\count320
\@cmidlb=\count321
\@aboverulesep=\dimen267
\@belowrulesep=\dimen268
\@thisruleclass=\count322
\@lastruleclass=\count323
\@thisrulewidth=\dimen269
) (/usr/local/texlive/2025/texmf-dist/tex/latex/multirow/multirow.sty
Package: multirow 2024/11/12 v2.9 Span multiple rows of a table
\multirow@colwidth=\skip103
\multirow@cntb=\count324
\multirow@dima=\skip104
\bigstrutjot=\dimen270
) (/usr/local/texlive/2025/texmf-dist/tex/latex/makecell/makecell.sty
Package: makecell 2009/08/03 V0.1e Managing of Tab Column Heads and Cells
\rotheadsize=\dimen271
\c@nlinenum=\count325
\TeXr@lab=\toks43
)
(/usr/local/texlive/2025/texmf-dist/tex/latex/threeparttable/threeparttable.sty
Package: threeparttable 2003/06/13  v 3.0
\@tempboxb=\box64
) (/usr/local/texlive/2025/texmf-dist/tex/latex/tools/longtable.sty
Package: longtable 2025-10-13 v4.24 Multi-page Table package (DPC)
\LTleft=\skip105
\LTright=\skip106
\LTpre=\skip107
\LTpost=\skip108
\LTchunksize=\count326
\LTcapwidth=\dimen272
\LT@head=\box65
\LT@firsthead=\box66
\LT@foot=\box67
\LT@lastfoot=\box68
\LT@gbox=\box69
\LT@cols=\count327
\LT@rows=\count328
\c@LT@tables=\count329
\c@LT@chunks=\count330
\LT@p@ftn=\toks44
) (/usr/local/texlive/2025/texmf-dist/tex/latex/colortbl/colortbl.sty
Package: colortbl 2024/10/29 v1.0k Color table columns (DPC)
 (/usr/local/texlive/2025/texmf-dist/tex/latex/graphics/color.sty
Package: color 2025/01/14 v1.3e Standard LaTeX Color (DPC)
 (/usr/local/texlive/2025/texmf-dist/tex/latex/graphics-cfg/color.cfg
File: color.cfg 2016/01/02 v1.6 sample color configuration
)
Package color Info: Driver file: pdftex.def on input line 149.
 (/usr/local/texlive/2025/texmf-dist/tex/latex/graphics/mathcolor.ltx))
\everycr=\toks45
\minrowclearance=\skip109
\rownum=\count331
) (/usr/local/texlive/2025/texmf-dist/tex/latex/tools/hhline.sty
Package: hhline 2020/01/04 v2.04 Table rule package (DPC)
) (/usr/local/texlive/2025/texmf-dist/tex/latex/tabu/tabu.sty
Package: tabu 2019/01/11 v2.9 - flexible LaTeX tabulars (FC+tabu-fixed)
\c@taburow=\count332
\tabu@nbcols=\count333
\tabu@cnt=\count334
\tabu@Xcol=\count335
\tabu@alloc=\count336
\tabu@nested=\count337
\tabu@target=\dimen273
\tabu@spreadtarget=\dimen274
\tabu@naturalX=\dimen275
\tabucolX=\dimen276
\tabu@Xsum=\dimen277
\extrarowdepth=\dimen278
\abovetabulinesep=\dimen279
\belowtabulinesep=\dimen280
\tabustrutrule=\dimen281
\tabu@thebody=\toks46
\tabu@footnotes=\toks47
\tabu@box=\box70
\tabu@arstrutbox=\box71
\tabu@hleads=\box72
\tabu@vleads=\box73
\tabu@cellskip=\skip110
) (/usr/local/texlive/2025/texmf-dist/tex/latex/listings/listings.sty
\lst@mode=\count338
\lst@gtempboxa=\box74
\lst@token=\toks48
\lst@length=\count339
\lst@currlwidth=\dimen282
\lst@column=\count340
\lst@pos=\count341
\lst@lostspace=\dimen283
\lst@width=\dimen284
\lst@newlines=\count342
\lst@lineno=\count343
\lst@maxwidth=\dimen285
 (/usr/local/texlive/2025/texmf-dist/tex/latex/listings/lstpatch.sty
File: lstpatch.sty 2025/11/14 1.11b (Carsten Heinz)
) (/usr/local/texlive/2025/texmf-dist/tex/latex/listings/lstmisc.sty
File: lstmisc.sty 2025/11/14 1.11b (Carsten Heinz)
\c@lstnumber=\count344
\lst@skipnumbers=\count345
\lst@framebox=\box75
) (/usr/local/texlive/2025/texmf-dist/tex/latex/listings/listings.cfg
File: listings.cfg 2025/11/14 1.11b listings configuration
))
Package: listings 2025/11/14 1.11b (Carsten Heinz)

==> First Aid for listings.sty no longer applied!
    Expected:
        2024/09/23 1.10c (Carsten Heinz)
    but found:
        2025/11/14 1.11b (Carsten Heinz)
    so I'm assuming it got fixed.
(/usr/local/texlive/2025/texmf-dist/tex/latex/algorithms/algorithm.sty
Package: algorithm 2009/08/24 v0.1 Document Style `algorithm' - floating environment
\@float@every@algorithm=\toks49
\c@algorithm=\count346
) (/usr/local/texlive/2025/texmf-dist/tex/latex/algorithms/algorithmic.sty
Package: algorithmic 2009/08/24 v0.1 Document Style `algorithmic'
\c@ALC@unique=\count347
\c@ALC@line=\count348
\c@ALC@rem=\count349
\c@ALC@depth=\count350
\ALC@tlm=\skip111
\algorithmicindent=\skip112
) (/usr/local/texlive/2025/texmf-dist/tex/latex/pgf/frontendlayer/tikz.sty (/usr/local/texlive/2025/texmf-dist/tex/latex/pgf/basiclayer/pgf.sty (/usr/local/texlive/2025/texmf-dist/tex/latex/pgf/utilities/pgfrcs.sty (/usr/local/texlive/2025/texmf-dist/tex/generic/pgf/utilities/pgfutil-common.tex
\pgfutil@everybye=\toks50
\pgfutil@tempdima=\dimen286
\pgfutil@tempdimb=\dimen287
) (/usr/local/texlive/2025/texmf-dist/tex/generic/pgf/utilities/pgfutil-latex.def
\pgfutil@abb=\box76
) (/usr/local/texlive/2025/texmf-dist/tex/generic/pgf/utilities/pgfrcs.code.tex (/usr/local/texlive/2025/texmf-dist/tex/generic/pgf/pgf.revision.tex)
Package: pgfrcs 2025-08-29 v3.1.11a (3.1.11a)
))
Package: pgf 2025-08-29 v3.1.11a (3.1.11a)
 (/usr/local/texlive/2025/texmf-dist/tex/latex/pgf/basiclayer/pgfcore.sty (/usr/local/texlive/2025/texmf-dist/tex/latex/pgf/systemlayer/pgfsys.sty (/usr/local/texlive/2025/texmf-dist/tex/generic/pgf/systemlayer/pgfsys.code.tex
Package: pgfsys 2025-08-29 v3.1.11a (3.1.11a)
 (/usr/local/texlive/2025/texmf-dist/tex/generic/pgf/utilities/pgfkeys.code.tex
\pgfkeys@pathtoks=\toks51
\pgfkeys@temptoks=\toks52

(/usr/local/texlive/2025/texmf-dist/tex/generic/pgf/utilities/pgfkeyslibraryfiltered.code.tex
\pgfkeys@tmptoks=\toks53
))
\pgf@x=\dimen288
\pgf@y=\dimen289
\pgf@xa=\dimen290
\pgf@ya=\dimen291
\pgf@xb=\dimen292
\pgf@yb=\dimen293
\pgf@xc=\dimen294
\pgf@yc=\dimen295
\pgf@xd=\dimen296
\pgf@yd=\dimen297
\w@pgf@writea=\write3
\r@pgf@reada=\read2
\c@pgf@counta=\count351
\c@pgf@countb=\count352
\c@pgf@countc=\count353
\c@pgf@countd=\count354
\t@pgf@toka=\toks54
\t@pgf@tokb=\toks55
\t@pgf@tokc=\toks56
\pgf@sys@id@count=\count355
 (/usr/local/texlive/2025/texmf-dist/tex/generic/pgf/systemlayer/pgf.cfg
File: pgf.cfg 2025-08-29 v3.1.11a (3.1.11a)
)
Driver file for pgf: pgfsys-pdftex.def
 (/usr/local/texlive/2025/texmf-dist/tex/generic/pgf/systemlayer/pgfsys-pdftex.def
File: pgfsys-pdftex.def 2025-08-29 v3.1.11a (3.1.11a)
 (/usr/local/texlive/2025/texmf-dist/tex/generic/pgf/systemlayer/pgfsys-common-pdf.def
File: pgfsys-common-pdf.def 2025-08-29 v3.1.11a (3.1.11a)
))) (/usr/local/texlive/2025/texmf-dist/tex/generic/pgf/systemlayer/pgfsyssoftpath.code.tex
File: pgfsyssoftpath.code.tex 2025-08-29 v3.1.11a (3.1.11a)
\pgfsyssoftpath@smallbuffer@items=\count356
\pgfsyssoftpath@bigbuffer@items=\count357
) (/usr/local/texlive/2025/texmf-dist/tex/generic/pgf/systemlayer/pgfsysprotocol.code.tex
File: pgfsysprotocol.code.tex 2025-08-29 v3.1.11a (3.1.11a)
)) (/usr/local/texlive/2025/texmf-dist/tex/latex/xcolor/xcolor.sty
Package: xcolor 2024/09/29 v3.02 LaTeX color extensions (UK)
 (/usr/local/texlive/2025/texmf-dist/tex/latex/graphics-cfg/color.cfg
File: color.cfg 2016/01/02 v1.6 sample color configuration
)
Package xcolor Info: Driver file: pdftex.def on input line 274.
LaTeX Info: Redefining \color on input line 762.
 (/usr/local/texlive/2025/texmf-dist/tex/latex/graphics/mathcolor.ltx)
Package xcolor Info: Model `cmy' substituted by `cmy0' on input line 1349.
Package xcolor Info: Model `hsb' substituted by `rgb' on input line 1353.
Package xcolor Info: Model `RGB' extended on input line 1365.
Package xcolor Info: Model `HTML' substituted by `rgb' on input line 1367.
Package xcolor Info: Model `Hsb' substituted by `hsb' on input line 1368.
Package xcolor Info: Model `tHsb' substituted by `hsb' on input line 1369.
Package xcolor Info: Model `HSB' substituted by `hsb' on input line 1370.
Package xcolor Info: Model `Gray' substituted by `gray' on input line 1371.
Package xcolor Info: Model `wave' substituted by `hsb' on input line 1372.
) (/usr/local/texlive/2025/texmf-dist/tex/generic/pgf/basiclayer/pgfcore.code.tex
Package: pgfcore 2025-08-29 v3.1.11a (3.1.11a)
 (/usr/local/texlive/2025/texmf-dist/tex/generic/pgf/math/pgfmath.code.tex (/usr/local/texlive/2025/texmf-dist/tex/generic/pgf/math/pgfmathutil.code.tex)
(/usr/local/texlive/2025/texmf-dist/tex/generic/pgf/math/pgfmathparser.code.tex
\pgfmath@dimen=\dimen298
\pgfmath@count=\count358
\pgfmath@box=\box77
\pgfmath@toks=\toks57
\pgfmath@stack@operand=\toks58
\pgfmath@stack@operation=\toks59
) (/usr/local/texlive/2025/texmf-dist/tex/generic/pgf/math/pgfmathfunctions.code.tex) (/usr/local/texlive/2025/texmf-dist/tex/generic/pgf/math/pgfmathfunctions.basic.code.tex) (/usr/local/texlive/2025/texmf-dist/tex/generic/pgf/math/pgfmathfunctions.trigonometric.code.tex) (/usr/local/texlive/2025/texmf-dist/tex/generic/pgf/math/pgfmathfunctions.random.code.tex) (/usr/local/texlive/2025/texmf-dist/tex/generic/pgf/math/pgfmathfunctions.comparison.code.tex) (/usr/local/texlive/2025/texmf-dist/tex/generic/pgf/math/pgfmathfunctions.base.code.tex) (/usr/local/texlive/2025/texmf-dist/tex/generic/pgf/math/pgfmathfunctions.round.code.tex) (/usr/local/texlive/2025/texmf-dist/tex/generic/pgf/math/pgfmathfunctions.misc.code.tex) (/usr/local/texlive/2025/texmf-dist/tex/generic/pgf/math/pgfmathfunctions.integerarithmetics.code.tex) (/usr/local/texlive/2025/texmf-dist/tex/generic/pgf/math/pgfmathcalc.code.tex)
(/usr/local/texlive/2025/texmf-dist/tex/generic/pgf/math/pgfmathfloat.code.tex
\c@pgfmathroundto@lastzeros=\count359
)) (/usr/local/texlive/2025/texmf-dist/tex/generic/pgf/math/pgfint.code.tex) (/usr/local/texlive/2025/texmf-dist/tex/generic/pgf/basiclayer/pgfcorepoints.code.tex
File: pgfcorepoints.code.tex 2025-08-29 v3.1.11a (3.1.11a)
\pgf@picminx=\dimen299
\pgf@picmaxx=\dimen300
\pgf@picminy=\dimen301
\pgf@picmaxy=\dimen302
\pgf@pathminx=\dimen303
\pgf@pathmaxx=\dimen304
\pgf@pathminy=\dimen305
\pgf@pathmaxy=\dimen306
\pgf@xx=\dimen307
\pgf@xy=\dimen308
\pgf@yx=\dimen309
\pgf@yy=\dimen310
\pgf@zx=\dimen311
\pgf@zy=\dimen312
) (/usr/local/texlive/2025/texmf-dist/tex/generic/pgf/basiclayer/pgfcorepathconstruct.code.tex
File: pgfcorepathconstruct.code.tex 2025-08-29 v3.1.11a (3.1.11a)
\pgf@path@lastx=\dimen313
\pgf@path@lasty=\dimen314
) (/usr/local/texlive/2025/texmf-dist/tex/generic/pgf/basiclayer/pgfcorepathusage.code.tex
File: pgfcorepathusage.code.tex 2025-08-29 v3.1.11a (3.1.11a)
\pgf@shorten@end@additional=\dimen315
\pgf@shorten@start@additional=\dimen316
) (/usr/local/texlive/2025/texmf-dist/tex/generic/pgf/basiclayer/pgfcorescopes.code.tex
File: pgfcorescopes.code.tex 2025-08-29 v3.1.11a (3.1.11a)
\pgfpic=\box78
\pgf@hbox=\box79
\pgf@layerbox@main=\box80
\pgf@picture@serial@count=\count360
) (/usr/local/texlive/2025/texmf-dist/tex/generic/pgf/basiclayer/pgfcoregraphicstate.code.tex
File: pgfcoregraphicstate.code.tex 2025-08-29 v3.1.11a (3.1.11a)
\pgflinewidth=\dimen317
) (/usr/local/texlive/2025/texmf-dist/tex/generic/pgf/basiclayer/pgfcoretransformations.code.tex
File: pgfcoretransformations.code.tex 2025-08-29 v3.1.11a (3.1.11a)
\pgf@pt@x=\dimen318
\pgf@pt@y=\dimen319
\pgf@pt@temp=\dimen320
) (/usr/local/texlive/2025/texmf-dist/tex/generic/pgf/basiclayer/pgfcorequick.code.tex
File: pgfcorequick.code.tex 2025-08-29 v3.1.11a (3.1.11a)
) (/usr/local/texlive/2025/texmf-dist/tex/generic/pgf/basiclayer/pgfcoreobjects.code.tex
File: pgfcoreobjects.code.tex 2025-08-29 v3.1.11a (3.1.11a)
) (/usr/local/texlive/2025/texmf-dist/tex/generic/pgf/basiclayer/pgfcorepathprocessing.code.tex
File: pgfcorepathprocessing.code.tex 2025-08-29 v3.1.11a (3.1.11a)
)
(/usr/local/texlive/2025/texmf-dist/tex/generic/pgf/basiclayer/pgfcorearrows.code.tex
File: pgfcorearrows.code.tex 2025-08-29 v3.1.11a (3.1.11a)
\pgfarrowsep=\dimen321
) (/usr/local/texlive/2025/texmf-dist/tex/generic/pgf/basiclayer/pgfcoreshade.code.tex
File: pgfcoreshade.code.tex 2025-08-29 v3.1.11a (3.1.11a)
\pgf@max=\dimen322
\pgf@sys@shading@range@num=\count361
\pgf@shadingcount=\count362
) (/usr/local/texlive/2025/texmf-dist/tex/generic/pgf/basiclayer/pgfcoreimage.code.tex
File: pgfcoreimage.code.tex 2025-08-29 v3.1.11a (3.1.11a)
) (/usr/local/texlive/2025/texmf-dist/tex/generic/pgf/basiclayer/pgfcoreexternal.code.tex
File: pgfcoreexternal.code.tex 2025-08-29 v3.1.11a (3.1.11a)
\pgfexternal@startupbox=\box81
) (/usr/local/texlive/2025/texmf-dist/tex/generic/pgf/basiclayer/pgfcorelayers.code.tex
File: pgfcorelayers.code.tex 2025-08-29 v3.1.11a (3.1.11a)
) (/usr/local/texlive/2025/texmf-dist/tex/generic/pgf/basiclayer/pgfcoretransparency.code.tex
File: pgfcoretransparency.code.tex 2025-08-29 v3.1.11a (3.1.11a)
) (/usr/local/texlive/2025/texmf-dist/tex/generic/pgf/basiclayer/pgfcorepatterns.code.tex
File: pgfcorepatterns.code.tex 2025-08-29 v3.1.11a (3.1.11a)
) (/usr/local/texlive/2025/texmf-dist/tex/generic/pgf/basiclayer/pgfcorerdf.code.tex
File: pgfcorerdf.code.tex 2025-08-29 v3.1.11a (3.1.11a)
))) (/usr/local/texlive/2025/texmf-dist/tex/generic/pgf/modules/pgfmoduleshapes.code.tex
File: pgfmoduleshapes.code.tex 2025-08-29 v3.1.11a (3.1.11a)
\pgfnodeparttextbox=\box82
) (/usr/local/texlive/2025/texmf-dist/tex/generic/pgf/modules/pgfmoduleplot.code.tex
File: pgfmoduleplot.code.tex 2025-08-29 v3.1.11a (3.1.11a)
) (/usr/local/texlive/2025/texmf-dist/tex/latex/pgf/compatibility/pgfcomp-version-0-65.sty
Package: pgfcomp-version-0-65 2025-08-29 v3.1.11a (3.1.11a)
\pgf@nodesepstart=\dimen323
\pgf@nodesepend=\dimen324
)
(/usr/local/texlive/2025/texmf-dist/tex/latex/pgf/compatibility/pgfcomp-version-1-18.sty
Package: pgfcomp-version-1-18 2025-08-29 v3.1.11a (3.1.11a)
)) (/usr/local/texlive/2025/texmf-dist/tex/latex/pgf/utilities/pgffor.sty (/usr/local/texlive/2025/texmf-dist/tex/latex/pgf/utilities/pgfkeys.sty (/usr/local/texlive/2025/texmf-dist/tex/generic/pgf/utilities/pgfkeys.code.tex)) (/usr/local/texlive/2025/texmf-dist/tex/latex/pgf/math/pgfmath.sty (/usr/local/texlive/2025/texmf-dist/tex/generic/pgf/math/pgfmath.code.tex)) (/usr/local/texlive/2025/texmf-dist/tex/generic/pgf/utilities/pgffor.code.tex
Package: pgffor 2025-08-29 v3.1.11a (3.1.11a)
\pgffor@iter=\dimen325
\pgffor@skip=\dimen326
\pgffor@stack=\toks60
\pgffor@toks=\toks61
)) (/usr/local/texlive/2025/texmf-dist/tex/generic/pgf/frontendlayer/tikz/tikz.code.tex
Package: tikz 2025-08-29 v3.1.11a (3.1.11a)
 (/usr/local/texlive/2025/texmf-dist/tex/generic/pgf/libraries/pgflibraryplothandlers.code.tex
File: pgflibraryplothandlers.code.tex 2025-08-29 v3.1.11a (3.1.11a)
\pgf@plot@mark@count=\count363
\pgfplotmarksize=\dimen327
)
\tikz@lastx=\dimen328
\tikz@lasty=\dimen329
\tikz@lastxsaved=\dimen330
\tikz@lastysaved=\dimen331
\tikz@lastmovetox=\dimen332
\tikz@lastmovetoy=\dimen333
\tikzleveldistance=\dimen334
\tikzsiblingdistance=\dimen335
\tikz@figbox=\box83
\tikz@figbox@bg=\box84
\tikz@tempbox=\box85
\tikz@tempbox@bg=\box86
\tikztreelevel=\count364
\tikznumberofchildren=\count365
\tikznumberofcurrentchild=\count366
\tikz@fig@count=\count367
 (/usr/local/texlive/2025/texmf-dist/tex/generic/pgf/modules/pgfmodulematrix.code.tex
File: pgfmodulematrix.code.tex 2025-08-29 v3.1.11a (3.1.11a)
\pgfmatrixcurrentrow=\count368
\pgfmatrixcurrentcolumn=\count369
\pgf@matrix@numberofcolumns=\count370
)
\tikz@expandcount=\count371
 (/usr/local/texlive/2025/texmf-dist/tex/generic/pgf/frontendlayer/tikz/libraries/tikzlibrarytopaths.code.tex
File: tikzlibrarytopaths.code.tex 2025-08-29 v3.1.11a (3.1.11a)
))) (/usr/local/texlive/2025/texmf-dist/tex/latex/pgfplots/pgfplots.sty
(/usr/local/texlive/2025/texmf-dist/tex/generic/pgfplots/pgfplots.revision.tex)
Package: pgfplots 2025/08/14 v1.18.2 Data Visualization (1.18.2)
 (/usr/local/texlive/2025/texmf-dist/tex/generic/pgfplots/pgfplots.code.tex (/usr/local/texlive/2025/texmf-dist/tex/generic/pgfplots/pgfplotscore.code.tex
\t@pgfplots@toka=\toks62
\t@pgfplots@tokb=\toks63
\t@pgfplots@tokc=\toks64
\pgfplots@tmpa=\dimen336
\c@pgfplots@coordindex=\count372
\c@pgfplots@scanlineindex=\count373
 (/usr/local/texlive/2025/texmf-dist/tex/generic/pgfplots/sys/pgfplotssysgeneric.code.tex)) (/usr/local/texlive/2025/texmf-dist/tex/generic/pgfplots/libs/pgfplotslibrary.code.tex) (/usr/local/texlive/2025/texmf-dist/tex/generic/pgfplots/oldpgfcompatib/pgfplotsoldpgfsupp_loader.code.tex (/usr/local/texlive/2025/texmf-dist/tex/generic/pgf/libraries/pgflibraryfpu.code.tex) (/usr/local/texlive/2025/texmf-dist/tex/generic/pgfplots/oldpgfcompatib/pgfplotsoldpgfsupp_pgfutil-common-lists.tex)) (/usr/local/texlive/2025/texmf-dist/tex/generic/pgfplots/util/pgfplotsutil.code.tex (/usr/local/texlive/2025/texmf-dist/tex/generic/pgfplots/liststructure/pgfplotsliststructure.code.tex)
(/usr/local/texlive/2025/texmf-dist/tex/generic/pgfplots/liststructure/pgfplotsliststructureext.code.tex) (/usr/local/texlive/2025/texmf-dist/tex/generic/pgfplots/liststructure/pgfplotsarray.code.tex
\c@pgfplotsarray@tmp=\count374
) (/usr/local/texlive/2025/texmf-dist/tex/generic/pgfplots/liststructure/pgfplotsmatrix.code.tex) (/usr/local/texlive/2025/texmf-dist/tex/generic/pgfplots/numtable/pgfplotstableshared.code.tex
\c@pgfplotstable@counta=\count375
\t@pgfplotstable@a=\toks65
) (/usr/local/texlive/2025/texmf-dist/tex/generic/pgfplots/liststructure/pgfplotsdeque.code.tex) (/usr/local/texlive/2025/texmf-dist/tex/generic/pgfplots/util/pgfplotsbinary.code.tex (/usr/local/texlive/2025/texmf-dist/tex/generic/pgfplots/util/pgfplotsbinary.data.code.tex)) (/usr/local/texlive/2025/texmf-dist/tex/generic/pgfplots/util/pgfplotsutil.verb.code.tex) (/usr/local/texlive/2025/texmf-dist/tex/generic/pgfplots/libs/pgflibrarypgfplots.surfshading.code.tex
\c@pgfplotslibrarysurf@no=\count376
 (/usr/local/texlive/2025/texmf-dist/tex/generic/pgfplots/sys/pgflibrarypgfplots.surfshading.pgfsys-pdftex.def)))
(/usr/local/texlive/2025/texmf-dist/tex/generic/pgfplots/util/pgfplotscolormap.code.tex (/usr/local/texlive/2025/texmf-dist/tex/generic/pgfplots/util/pgfplotscolor.code.tex)) (/usr/local/texlive/2025/texmf-dist/tex/generic/pgfplots/pgfplotsstackedplots.code.tex) (/usr/local/texlive/2025/texmf-dist/tex/generic/pgfplots/pgfplotsplothandlers.code.tex (/usr/local/texlive/2025/texmf-dist/tex/generic/pgfplots/pgfplotsmeshplothandler.code.tex (/usr/local/texlive/2025/texmf-dist/tex/generic/pgfplots/pgfplotsmeshplotimage.code.tex))) (/usr/local/texlive/2025/texmf-dist/tex/generic/pgfplots/pgfplots.scaling.code.tex) (/usr/local/texlive/2025/texmf-dist/tex/generic/pgfplots/pgfplotscoordprocessing.code.tex) (/usr/local/texlive/2025/texmf-dist/tex/generic/pgfplots/pgfplots.errorbars.code.tex) (/usr/local/texlive/2025/texmf-dist/tex/generic/pgfplots/pgfplots.markers.code.tex) (/usr/local/texlive/2025/texmf-dist/tex/generic/pgfplots/pgfplotsticks.code.tex)
(/usr/local/texlive/2025/texmf-dist/tex/generic/pgfplots/pgfplots.paths.code.tex) (/usr/local/texlive/2025/texmf-dist/tex/generic/pgf/frontendlayer/tikz/libraries/tikzlibrarydecorations.code.tex (/usr/local/texlive/2025/texmf-dist/tex/generic/pgf/modules/pgfmoduledecorations.code.tex
\pgfdecoratedcompleteddistance=\dimen337
\pgfdecoratedremainingdistance=\dimen338
\pgfdecoratedinputsegmentcompleteddistance=\dimen339
\pgfdecoratedinputsegmentremainingdistance=\dimen340
\pgf@decorate@distancetomove=\dimen341
\pgf@decorate@repeatstate=\count377
\pgfdecorationsegmentamplitude=\dimen342
\pgfdecorationsegmentlength=\dimen343
)
\tikz@lib@dec@box=\box87
) (/usr/local/texlive/2025/texmf-dist/tex/generic/pgf/frontendlayer/tikz/libraries/tikzlibrarydecorations.pathmorphing.code.tex (/usr/local/texlive/2025/texmf-dist/tex/generic/pgf/libraries/decorations/pgflibrarydecorations.pathmorphing.code.tex)) (/usr/local/texlive/2025/texmf-dist/tex/generic/pgf/frontendlayer/tikz/libraries/tikzlibrarydecorations.pathreplacing.code.tex (/usr/local/texlive/2025/texmf-dist/tex/generic/pgf/libraries/decorations/pgflibrarydecorations.pathreplacing.code.tex)) (/usr/local/texlive/2025/texmf-dist/tex/generic/pgfplots/libs/tikzlibrarypgfplots.contourlua.code.tex)
\pgfplots@numplots=\count378
\pgfplots@xmin@reg=\dimen344
\pgfplots@xmax@reg=\dimen345
\pgfplots@ymin@reg=\dimen346
\pgfplots@ymax@reg=\dimen347
\pgfplots@zmin@reg=\dimen348
\pgfplots@zmax@reg=\dimen349
) (/usr/local/texlive/2025/texmf-dist/tex/generic/pgf/frontendlayer/tikz/libraries/tikzlibraryplotmarks.code.tex
File: tikzlibraryplotmarks.code.tex 2025-08-29 v3.1.11a (3.1.11a)

(/usr/local/texlive/2025/texmf-dist/tex/generic/pgf/libraries/pgflibraryplotmarks.code.tex
File: pgflibraryplotmarks.code.tex 2025-08-29 v3.1.11a (3.1.11a)
))) (/usr/local/texlive/2025/texmf-dist/tex/generic/pgf/frontendlayer/tikz/libraries/tikzlibraryarrows.code.tex
File: tikzlibraryarrows.code.tex 2025-08-29 v3.1.11a (3.1.11a)
 (/usr/local/texlive/2025/texmf-dist/tex/generic/pgf/libraries/pgflibraryarrows.code.tex
File: pgflibraryarrows.code.tex 2025-08-29 v3.1.11a (3.1.11a)
\arrowsize=\dimen350
)) (/usr/local/texlive/2025/texmf-dist/tex/generic/pgf/libraries/pgflibraryarrows.meta.code.tex
File: pgflibraryarrows.meta.code.tex 2025-08-29 v3.1.11a (3.1.11a)
\pgfarrowinset=\dimen351
\pgfarrowlength=\dimen352
\pgfarrowwidth=\dimen353
\pgfarrowlinewidth=\dimen354
) (/usr/local/texlive/2025/texmf-dist/tex/generic/pgf/frontendlayer/tikz/libraries/tikzlibrarypositioning.code.tex
File: tikzlibrarypositioning.code.tex 2025-08-29 v3.1.11a (3.1.11a)
) (/usr/local/texlive/2025/texmf-dist/tex/generic/pgf/frontendlayer/tikz/libraries/tikzlibraryshapes.code.tex
File: tikzlibraryshapes.code.tex 2025-08-29 v3.1.11a (3.1.11a)
 (/usr/local/texlive/2025/texmf-dist/tex/generic/pgf/frontendlayer/tikz/libraries/tikzlibraryshapes.geometric.code.tex
File: tikzlibraryshapes.geometric.code.tex 2025-08-29 v3.1.11a (3.1.11a)
 (/usr/local/texlive/2025/texmf-dist/tex/generic/pgf/libraries/shapes/pgflibraryshapes.geometric.code.tex
File: pgflibraryshapes.geometric.code.tex 2025-08-29 v3.1.11a (3.1.11a)
)) (/usr/local/texlive/2025/texmf-dist/tex/generic/pgf/frontendlayer/tikz/libraries/tikzlibraryshapes.misc.code.tex
File: tikzlibraryshapes.misc.code.tex 2025-08-29 v3.1.11a (3.1.11a)

(/usr/local/texlive/2025/texmf-dist/tex/generic/pgf/libraries/shapes/pgflibraryshapes.misc.code.tex
File: pgflibraryshapes.misc.code.tex 2025-08-29 v3.1.11a (3.1.11a)
)) (/usr/local/texlive/2025/texmf-dist/tex/generic/pgf/frontendlayer/tikz/libraries/tikzlibraryshapes.symbols.code.tex
File: tikzlibraryshapes.symbols.code.tex 2025-08-29 v3.1.11a (3.1.11a)
 (/usr/local/texlive/2025/texmf-dist/tex/generic/pgf/libraries/shapes/pgflibraryshapes.symbols.code.tex
File: pgflibraryshapes.symbols.code.tex 2025-08-29 v3.1.11a (3.1.11a)
)) (/usr/local/texlive/2025/texmf-dist/tex/generic/pgf/frontendlayer/tikz/libraries/tikzlibraryshapes.arrows.code.tex
File: tikzlibraryshapes.arrows.code.tex 2025-08-29 v3.1.11a (3.1.11a)
 (/usr/local/texlive/2025/texmf-dist/tex/generic/pgf/libraries/shapes/pgflibraryshapes.arrows.code.tex
File: pgflibraryshapes.arrows.code.tex 2025-08-29 v3.1.11a (3.1.11a)
)) (/usr/local/texlive/2025/texmf-dist/tex/generic/pgf/frontendlayer/tikz/libraries/tikzlibraryshapes.callouts.code.tex (/usr/local/texlive/2025/texmf-dist/tex/generic/pgf/libraries/shapes/pgflibraryshapes.callouts.code.tex)) (/usr/local/texlive/2025/texmf-dist/tex/generic/pgf/frontendlayer/tikz/libraries/tikzlibraryshapes.multipart.code.tex
File: tikzlibraryshapes.multipart.code.tex 2025-08-29 v3.1.11a (3.1.11a)
 (/usr/local/texlive/2025/texmf-dist/tex/generic/pgf/libraries/shapes/pgflibraryshapes.multipart.code.tex
File: pgflibraryshapes.multipart.code.tex 2025-08-29 v3.1.11a (3.1.11a)
\pgfnodepartlowerbox=\box88
\pgfnodeparttwobox=\box89
\pgfnodepartthreebox=\box90
\pgfnodepartfourbox=\box91
\pgfnodeparttwentybox=\box92
\pgfnodepartnineteenbox=\box93
\pgfnodeparteighteenbox=\box94
\pgfnodepartseventeenbox=\box95
\pgfnodepartsixteenbox=\box96
\pgfnodepartfifteenbox=\box97
\pgfnodepartfourteenbox=\box98
\pgfnodepartthirteenbox=\box99
\pgfnodeparttwelvebox=\box100
\pgfnodepartelevenbox=\box101
\pgfnodeparttenbox=\box102
\pgfnodepartninebox=\box103
\pgfnodeparteightbox=\box104
\pgfnodepartsevenbox=\box105
\pgfnodepartsixbox=\box106
\pgfnodepartfivebox=\box107
)))
(/usr/local/texlive/2025/texmf-dist/tex/generic/pgf/frontendlayer/tikz/libraries/tikzlibrarycalc.code.tex
File: tikzlibrarycalc.code.tex 2025-08-29 v3.1.11a (3.1.11a)
) (/usr/local/texlive/2025/texmf-dist/tex/generic/pgf/frontendlayer/tikz/libraries/tikzlibrarybackgrounds.code.tex
File: tikzlibrarybackgrounds.code.tex 2025-08-29 v3.1.11a (3.1.11a)
\pgf@layerbox@background=\box108
\pgf@layerboxsaved@background=\box109
) (/usr/local/texlive/2025/texmf-dist/tex/generic/pgf/frontendlayer/tikz/libraries/tikzlibraryintersections.code.tex (/usr/local/texlive/2025/texmf-dist/tex/generic/pgf/libraries/pgflibraryintersections.code.tex
\pgf@intersect@solutions=\count379
)) (/usr/local/texlive/2025/texmf-dist/tex/generic/pgf/frontendlayer/tikz/libraries/tikzlibraryshadows.code.tex
File: tikzlibraryshadows.code.tex 2025-08-29 v3.1.11a (3.1.11a)
 (/usr/local/texlive/2025/texmf-dist/tex/generic/pgf/frontendlayer/tikz/libraries/tikzlibraryfadings.code.tex
File: tikzlibraryfadings.code.tex 2025-08-29 v3.1.11a (3.1.11a)
 (/usr/local/texlive/2025/texmf-dist/tex/generic/pgf/libraries/pgflibraryfadings.code.tex
File: pgflibraryfadings.code.tex 2025-08-29 v3.1.11a (3.1.11a)
))) (/usr/local/texlive/2025/texmf-dist/tex/generic/pgf/frontendlayer/tikz/libraries/tikzlibraryfit.code.tex
File: tikzlibraryfit.code.tex 2025-08-29 v3.1.11a (3.1.11a)
) (/usr/local/texlive/2025/texmf-dist/tex/generic/pgfplots/libs/tikzlibrarypgfplots.groupplots.code.tex
\pgfplots@group@current@plot=\count380
\pgfplots@group@current@row=\count381
\pgfplots@group@current@column=\count382
)
(/usr/local/texlive/2025/texmf-dist/tex/latex/graphics/dvipsnam.def
File: dvipsnam.def 2016/06/17 v3.0m Driver-dependent file (DPC,SPQR)
) (/usr/local/texlive/2025/texmf-dist/tex/latex/base/textcomp.sty
Package: textcomp 2024/04/24 v2.1b Standard LaTeX package
) (/usr/local/texlive/2025/texmf-dist/tex/latex/eurosym/eurosym.sty
Package: eurosym 1998/08/06 v1.1 European currency symbol ``Euro''
\@eurobox=\box110
) (/usr/local/texlive/2025/texmf-dist/tex/latex/psnfss/pifont.sty
Package: pifont 2020/03/25 PSNFSS-v9.3 Pi font support (SPQR) 
LaTeX Font Info:    Trying to load font information for U+pzd on input line 63.
 (/usr/local/texlive/2025/texmf-dist/tex/latex/psnfss/upzd.fd
File: upzd.fd 2001/06/04 font definitions for U/pzd.
)
LaTeX Font Info:    Trying to load font information for U+psy on input line 64.
 (/usr/local/texlive/2025/texmf-dist/tex/latex/psnfss/upsy.fd
File: upsy.fd 2001/06/04 font definitions for U/psy.
)) (/usr/local/texlive/2025/texmf-dist/tex/generic/ulem/ulem.sty
\UL@box=\box111
\UL@hyphenbox=\box112
\UL@skip=\skip113
\UL@hook=\toks66
\UL@height=\dimen355
\UL@pe=\count383
\UL@pixel=\dimen356
\ULC@box=\box113
Package: ulem 2019/11/18
\ULdepth=\dimen357
) (/usr/local/texlive/2025/texmf-dist/tex/latex/tools/indentfirst.sty
Package: indentfirst 2023/07/02 v1.03 Indent first paragraph (DPC)
) (/usr/local/texlive/2025/texmf-dist/tex/latex/mdframed/mdframed.sty
Package: mdframed 2013/07/01 1.9b: mdframed
 (/usr/local/texlive/2025/texmf-dist/tex/latex/kvoptions/kvoptions.sty
Package: kvoptions 2022-06-15 v3.15 Key value format for package options (HO)
 (/usr/local/texlive/2025/texmf-dist/tex/generic/ltxcmds/ltxcmds.sty
Package: ltxcmds 2023-12-04 v1.26 LaTeX kernel commands for general use (HO)
) (/usr/local/texlive/2025/texmf-dist/tex/latex/kvsetkeys/kvsetkeys.sty
Package: kvsetkeys 2022-10-05 v1.19 Key value parser (HO)
)) (/usr/local/texlive/2025/texmf-dist/tex/latex/l3packages/xparse/xparse.sty (/usr/local/texlive/2025/texmf-dist/tex/latex/l3kernel/expl3.sty
Package: expl3 2025-11-06 L3 programming layer (loader) 

(/usr/local/texlive/2025/texmf-dist/tex/latex/l3backend/l3backend-pdftex.def
File: l3backend-pdftex.def 2025-10-09 L3 backend support: PDF output (pdfTeX)
\l__color_backend_stack_int=\count384
))
Package: xparse 2025-10-09 L3 Experimental document command parser
) (/usr/local/texlive/2025/texmf-dist/tex/latex/zref/zref-abspage.sty
Package: zref-abspage 2025-06-08 v2.36 Module abspage for zref (HO)
 (/usr/local/texlive/2025/texmf-dist/tex/latex/zref/zref-base.sty
Package: zref-base 2025-06-08 v2.36 Module base for zref (HO)
 (/usr/local/texlive/2025/texmf-dist/tex/generic/infwarerr/infwarerr.sty
Package: infwarerr 2019/12/03 v1.5 Providing info/warning/error messages (HO)
) (/usr/local/texlive/2025/texmf-dist/tex/generic/kvdefinekeys/kvdefinekeys.sty
Package: kvdefinekeys 2019-12-19 v1.6 Define keys (HO)
) (/usr/local/texlive/2025/texmf-dist/tex/generic/pdftexcmds/pdftexcmds.sty
Package: pdftexcmds 2020-06-27 v0.33 Utility functions of pdfTeX for LuaTeX (HO)
Package pdftexcmds Info: \pdf@primitive is available.
Package pdftexcmds Info: \pdf@ifprimitive is available.
Package pdftexcmds Info: \pdfdraftmode found.
) (/usr/local/texlive/2025/texmf-dist/tex/generic/etexcmds/etexcmds.sty
Package: etexcmds 2019/12/15 v1.7 Avoid name clashes with e-TeX commands (HO)
) (/usr/local/texlive/2025/texmf-dist/tex/latex/auxhook/auxhook.sty
Package: auxhook 2019-12-17 v1.6 Hooks for auxiliary files (HO)
)
Package zref Info: New property list: main on input line 767.
Package zref Info: New property: default on input line 768.
Package zref Info: New property: page on input line 769.
)
\c@abspage=\count385
Package zref Info: New property: abspage on input line 67.
) (/usr/local/texlive/2025/texmf-dist/tex/latex/needspace/needspace.sty
Package: needspace 2025/03/13 v1.3e reserve vertical space
)
\mdf@templength=\skip114
\c@mdf@globalstyle@cnt=\count386
\mdf@skipabove@length=\skip115
\mdf@skipbelow@length=\skip116
\mdf@leftmargin@length=\skip117
\mdf@rightmargin@length=\skip118
\mdf@innerleftmargin@length=\skip119
\mdf@innerrightmargin@length=\skip120
\mdf@innertopmargin@length=\skip121
\mdf@innerbottommargin@length=\skip122
\mdf@splittopskip@length=\skip123
\mdf@splitbottomskip@length=\skip124
\mdf@outermargin@length=\skip125
\mdf@innermargin@length=\skip126
\mdf@linewidth@length=\skip127
\mdf@innerlinewidth@length=\skip128
\mdf@middlelinewidth@length=\skip129
\mdf@outerlinewidth@length=\skip130
\mdf@roundcorner@length=\skip131
\mdf@footenotedistance@length=\skip132
\mdf@userdefinedwidth@length=\skip133
\mdf@needspace@length=\skip134
\mdf@frametitleaboveskip@length=\skip135
\mdf@frametitlebelowskip@length=\skip136
\mdf@frametitlerulewidth@length=\skip137
\mdf@frametitleleftmargin@length=\skip138
\mdf@frametitlerightmargin@length=\skip139
\mdf@shadowsize@length=\skip140
\mdf@extratopheight@length=\skip141
\mdf@subtitleabovelinewidth@length=\skip142
\mdf@subtitlebelowlinewidth@length=\skip143
\mdf@subtitleaboveskip@length=\skip144
\mdf@subtitlebelowskip@length=\skip145
\mdf@subtitleinneraboveskip@length=\skip146
\mdf@subtitleinnerbelowskip@length=\skip147
\mdf@subsubtitleabovelinewidth@length=\skip148
\mdf@subsubtitlebelowlinewidth@length=\skip149
\mdf@subsubtitleaboveskip@length=\skip150
\mdf@subsubtitlebelowskip@length=\skip151
\mdf@subsubtitleinneraboveskip@length=\skip152
\mdf@subsubtitleinnerbelowskip@length=\skip153
 (/usr/local/texlive/2025/texmf-dist/tex/latex/mdframed/md-frame-0.mdf
File: md-frame-0.mdf 2013/07/01\ 1.9b: md-frame-0
)
\mdf@frametitlebox=\box114
\mdf@footnotebox=\box115
\mdf@splitbox@one=\box116
\mdf@splitbox@two=\box117
\mdf@splitbox@save=\box118
\mdfsplitboxwidth=\skip154
\mdfsplitboxtotalwidth=\skip155
\mdfsplitboxheight=\skip156
\mdfsplitboxdepth=\skip157
\mdfsplitboxtotalheight=\skip158
\mdfframetitleboxwidth=\skip159
\mdfframetitleboxtotalwidth=\skip160
\mdfframetitleboxheight=\skip161
\mdfframetitleboxdepth=\skip162
\mdfframetitleboxtotalheight=\skip163
\mdffootnoteboxwidth=\skip164
\mdffootnoteboxtotalwidth=\skip165
\mdffootnoteboxheight=\skip166
\mdffootnoteboxdepth=\skip167
\mdffootnoteboxtotalheight=\skip168
\mdftotallinewidth=\skip169
\mdfboundingboxwidth=\skip170
\mdfboundingboxtotalwidth=\skip171
\mdfboundingboxheight=\skip172
\mdfboundingboxdepth=\skip173
\mdfboundingboxtotalheight=\skip174
\mdf@freevspace@length=\skip175
\mdf@horizontalwidthofbox@length=\skip176
\mdf@verticalmarginwhole@length=\skip177
\mdf@horizontalspaceofbox=\skip178
\mdfsubtitleheight=\skip179
\mdfsubsubtitleheight=\skip180
\c@mdfcountframes=\count387

****** mdframed patching \endmdf@trivlist

****** -- success******

\mdf@envdepth=\count388
\c@mdf@env@i=\count389
\c@mdf@env@ii=\count390
\c@mdf@zref@counter=\count391
Package zref Info: New property: mdf@pagevalue on input line 895.
) (/usr/local/texlive/2025/texmf-dist/tex/latex/epigraph/epigraph.sty
Package: epigraph 2020/01/02 v1.5e typesetting epigraphs
 (/usr/local/texlive/2025/texmf-dist/tex/latex/nextpage/nextpage.sty
Package: nextpage 2009/09/03 v1.1a additional page commands
)
\beforeepigraphskip=\skip181
\afterepigraphskip=\skip182
\epigraphwidth=\skip183
\epigraphrule=\skip184
) (/usr/local/texlive/2025/texmf-dist/tex/latex/enumitem/enumitem.sty
Package: enumitem 2025/02/06 v3.11 Customized lists
\labelindent=\skip185
\enit@outerparindent=\dimen358
\enit@toks=\toks67
\enit@inbox=\box119
\enit@count@id=\count392
\enitdp@description=\count393
) (/usr/local/texlive/2025/texmf-dist/tex/latex/comment/comment.sty
\CommentStream=\write4

Excluding comment 'comment') (/usr/local/texlive/2025/texmf-dist/tex/latex/graphics/lscape.sty
Package: lscape 2020/05/28 v3.02 Landscape Pages (DPC)
) (/usr/local/texlive/2025/texmf-dist/tex/latex/pdflscape/pdflscape.sty
Package: pdflscape 2025-06-23 v0.14 Display of landscape pages in PDF
 (/usr/local/texlive/2025/texmf-dist/tex/latex/pdflscape/pdflscape-nometadata.sty
Package: pdflscape-nometadata 2025-06-23 v0.14 Display of landscape pages in PDF (HO)
Package pdflscape Info: Auto-detected driver: pdftex on input line 81.
)) (/usr/local/texlive/2025/texmf-dist/tex/latex/tools/multicol.sty
Package: multicol 2025/10/21 v2.0b multicolumn formatting (FMi)
\c@tracingmulticols=\count394
\mult@box=\box120
\multicol@leftmargin=\dimen359
\c@unbalance=\count395
\c@collectmore=\count396
\doublecol@number=\count397
\multicoltolerance=\count398
\multicolpretolerance=\count399
\full@width=\dimen360
\page@free=\dimen361
\premulticols=\dimen362
\postmulticols=\dimen363
\multicolsep=\skip186
\multicolbaselineskip=\skip187
\partial@page=\box121
\last@line=\box122
\mc@boxedresult=\box123
\maxbalancingoverflow=\dimen364
\mult@rightbox=\box124
\mult@grightbox=\box125
\mult@firstbox=\box126
\mult@gfirstbox=\box127
\@tempa=\box128
\@tempa=\box129
\@tempa=\box130
\@tempa=\box131
\@tempa=\box132
\@tempa=\box133
\@tempa=\box134
\@tempa=\box135
\@tempa=\box136
\@tempa=\box137
\@tempa=\box138
\@tempa=\box139
\@tempa=\box140
\@tempa=\box141
\@tempa=\box142
\@tempa=\box143
\@tempa=\box144
\@tempa=\box145
\@tempa=\box146
\@tempa=\box147
\@tempa=\box148
\@tempa=\box149
\@tempa=\box150
\@tempa=\box151
\@tempa=\box152
\@tempa=\box153
\@tempa=\box154
\@tempa=\box155
\@tempa=\box156
\@tempa=\box157
\@tempa=\box158
\@tempa=\box159
\@tempa=\box160
\@tempa=\box161
\@tempa=\box162
\@tempa=\box163
\c@minrows=\count400
\c@columnbadness=\count401
\c@finalcolumnbadness=\count402
\last@try=\dimen365
\multicolovershoot=\dimen366
\multicolundershoot=\dimen367
\mult@nat@firstbox=\box164
\colbreak@box=\box165
\mc@col@check@num=\count403
\g__mc_curr_col_int=\count404
) (/usr/local/texlive/2025/texmf-dist/tex/latex/ragged2e/ragged2e.sty
Package: ragged2e 2023/06/22 v3.6 ragged2e Package
\CenteringLeftskip=\skip188
\RaggedLeftLeftskip=\skip189
\RaggedRightLeftskip=\skip190
\CenteringRightskip=\skip191
\RaggedLeftRightskip=\skip192
\RaggedRightRightskip=\skip193
\CenteringParfillskip=\skip194
\RaggedLeftParfillskip=\skip195
\RaggedRightParfillskip=\skip196
\JustifyingParfillskip=\skip197
\CenteringParindent=\skip198
\RaggedLeftParindent=\skip199
\RaggedRightParindent=\skip256
\JustifyingParindent=\skip257
) (/usr/local/texlive/2025/texmf-dist/tex/latex/csquotes/csquotes.sty
Package: csquotes 2024-04-04 v5.2o context-sensitive quotations (JAW)
\csq@reset=\count405
\csq@gtype=\count406
\csq@glevel=\count407
\csq@qlevel=\count408
\csq@maxlvl=\count409
\csq@tshold=\count410
\csq@ltx@everypar=\toks68
 (/usr/local/texlive/2025/texmf-dist/tex/latex/csquotes/csquotes.def
File: csquotes.def 2024-04-04 v5.2o csquotes generic definitions (JAW)
)
Package csquotes Info: Trying to load configuration file 'csquotes.cfg'...
Package csquotes Info: ... configuration file loaded successfully.
 (/usr/local/texlive/2025/texmf-dist/tex/latex/csquotes/csquotes.cfg
File: csquotes.cfg 
)) (/usr/local/texlive/2025/texmf-dist/tex/latex/tcolorbox/tcolorbox.sty
Package: tcolorbox 2025/09/09 version 6.8.0 text color boxes
 (/usr/local/texlive/2025/texmf-dist/tex/latex/tools/verbatim.sty
Package: verbatim 2024-01-22 v1.5x LaTeX2e package for verbatim enhancements
\every@verbatim=\toks69
\verbatim@line=\toks70
\verbatim@in@stream=\read3
) (/usr/local/texlive/2025/texmf-dist/tex/latex/environ/environ.sty
Package: environ 2014/05/04 v0.3 A new way to define environments
 (/usr/local/texlive/2025/texmf-dist/tex/latex/trimspaces/trimspaces.sty
Package: trimspaces 2009/09/17 v1.1 Trim spaces around a token list
))
\tcb@titlebox=\box166
\tcb@upperbox=\box167
\tcb@lowerbox=\box168
\tcb@phantombox=\box169
\c@tcbbreakpart=\count411
\c@tcblayer=\count412
\c@tcolorbox@number=\count413
\l__tcobox_tmpa_box=\box170
\l__tcobox_tmpa_dim=\dimen368
\tcb@temp=\box171
\tcb@temp=\box172
\tcb@temp=\box173
\tcb@temp=\box174
) (/usr/local/texlive/2025/texmf-dist/tex/latex/footmisc/footmisc.sty
Package: footmisc 2025/05/09 v7.0b a miscellany of footnote facilities
\FN@temptoken=\toks71
\footnotemargin=\dimen369
Package footmisc Info: Declaring symbol style bringhurst on input line 549.
Package footmisc Info: Declaring symbol style chicago on input line 557.
Package footmisc Info: Declaring symbol style wiley on input line 566.
Package footmisc Info: Declaring symbol style lamport-robust on input line 577.
Package footmisc Info: Declaring symbol style lamport* on input line 597.
Package footmisc Info: Declaring symbol style lamport*-robust on input line 618.
)
(/usr/local/texlive/2025/texmf-dist/tex/latex/hyperref/hyperref.sty
Package: hyperref 2025-07-12 v7.01o Hypertext links for LaTeX
 (/usr/local/texlive/2025/texmf-dist/tex/generic/pdfescape/pdfescape.sty
Package: pdfescape 2019/12/09 v1.15 Implements pdfTeX's escape features (HO)
) (/usr/local/texlive/2025/texmf-dist/tex/latex/hycolor/hycolor.sty
Package: hycolor 2020-01-27 v1.10 Color options for hyperref/bookmark (HO)
) (/usr/local/texlive/2025/texmf-dist/tex/latex/hyperref/nameref.sty
Package: nameref 2025-06-21 v2.57 Cross-referencing by name of section
 (/usr/local/texlive/2025/texmf-dist/tex/latex/refcount/refcount.sty
Package: refcount 2019/12/15 v3.6 Data extraction from label references (HO)
) (/usr/local/texlive/2025/texmf-dist/tex/generic/gettitlestring/gettitlestring.sty
Package: gettitlestring 2019/12/15 v1.6 Cleanup title references (HO)
)
\c@section@level=\count414
) (/usr/local/texlive/2025/texmf-dist/tex/generic/stringenc/stringenc.sty
Package: stringenc 2019/11/29 v1.12 Convert strings between diff. encodings (HO)
)
\@linkdim=\dimen370
\Hy@linkcounter=\count415
\Hy@pagecounter=\count416
 (/usr/local/texlive/2025/texmf-dist/tex/latex/hyperref/pd1enc.def
File: pd1enc.def 2025-07-12 v7.01o Hyperref: PDFDocEncoding definition (HO)
Now handling font encoding PD1 ...
... no UTF-8 mapping file for font encoding PD1
) (/usr/local/texlive/2025/texmf-dist/tex/generic/intcalc/intcalc.sty
Package: intcalc 2019/12/15 v1.3 Expandable calculations with integers (HO)
)
\Hy@SavedSpaceFactor=\count417
 (/usr/local/texlive/2025/texmf-dist/tex/latex/hyperref/puenc.def
File: puenc.def 2025-07-12 v7.01o Hyperref: PDF Unicode definition (HO)
Now handling font encoding PU ...
... no UTF-8 mapping file for font encoding PU
)
Package hyperref Info: Option `colorlinks' set `true' on input line 4066.
Package hyperref Info: Hyper figures OFF on input line 4195.
Package hyperref Info: Link nesting OFF on input line 4200.
Package hyperref Info: Hyper index ON on input line 4203.
Package hyperref Info: Plain pages OFF on input line 4210.
Package hyperref Info: Backreferencing OFF on input line 4215.
Package hyperref Info: Implicit mode ON; LaTeX internals redefined.
Package hyperref Info: Bookmarks ON on input line 4462.
\c@Hy@tempcnt=\count418
 (/usr/local/texlive/2025/texmf-dist/tex/latex/url/url.sty
\Urlmuskip=\muskip18
Package: url 2013/09/16  ver 3.4  Verb mode for urls, etc.
)
LaTeX Info: Redefining \url on input line 4801.
\XeTeXLinkMargin=\dimen371
 (/usr/local/texlive/2025/texmf-dist/tex/generic/bitset/bitset.sty
Package: bitset 2019/12/09 v1.3 Handle bit-vector datatype (HO)
 (/usr/local/texlive/2025/texmf-dist/tex/generic/bigintcalc/bigintcalc.sty
Package: bigintcalc 2019/12/15 v1.5 Expandable calculations on big integers (HO)
))
\Fld@menulength=\count419
\Field@Width=\dimen372
\Fld@charsize=\dimen373
Package hyperref Info: Hyper figures OFF on input line 6078.
Package hyperref Info: Link nesting OFF on input line 6083.
Package hyperref Info: Hyper index ON on input line 6086.
Package hyperref Info: backreferencing OFF on input line 6093.
Package hyperref Info: Link coloring ON on input line 6096.
Package hyperref Info: Link coloring with OCG OFF on input line 6103.
Package hyperref Info: PDF/A mode OFF on input line 6108.
\Hy@abspage=\count420
\c@Item=\count421
\c@Hfootnote=\count422
)
Package hyperref Info: Driver (autodetected): hpdftex.
 (/usr/local/texlive/2025/texmf-dist/tex/latex/hyperref/hpdftex.def
File: hpdftex.def 2025-07-12 v7.01o Hyperref driver for pdfTeX
\HyAnn@Count=\count423
\Fld@listcount=\count424
\c@bookmark@seq@number=\count425

(/usr/local/texlive/2025/texmf-dist/tex/latex/rerunfilecheck/rerunfilecheck.sty
Package: rerunfilecheck 2025-06-21 v1.11 Rerun checks for auxiliary files (HO)
 (/usr/local/texlive/2025/texmf-dist/tex/generic/uniquecounter/uniquecounter.sty
Package: uniquecounter 2019/12/15 v1.4 Provide unlimited unique counter (HO)
)
Package uniquecounter Info: New unique counter `rerunfilecheck' on input line 284.
)
\Hy@SectionHShift=\skip258
) (/usr/local/texlive/2025/texmf-dist/tex/latex/docmute/docmute.sty
Package: docmute 2012/03/22 v1.4 Input stand-alone documents
) (/usr/local/texlive/2025/texmf-dist/tex/latex/fancyhdr/fancyhdr.sty
Package: fancyhdr 2025/02/07 v5.2 Extensive control of page headers and footers
\f@nch@headwidth=\skip259
\f@nch@offset@elh=\skip260
\f@nch@offset@erh=\skip261
\f@nch@offset@olh=\skip262
\f@nch@offset@orh=\skip263
\f@nch@offset@elf=\skip264
\f@nch@offset@erf=\skip265
\f@nch@offset@olf=\skip266
\f@nch@offset@orf=\skip267
\f@nch@height=\skip268
\f@nch@footalignment=\skip269
\f@nch@widthL=\skip270
\f@nch@widthC=\skip271
\f@nch@widthR=\skip272
\@temptokenb=\toks72
)
\c@theorem=\count426
\c@hyp=\count427
\c@subhyp=\count428
 Excluding comment 'CCSXML'
Package csquotes Info: Checking for multilingual support...
Package csquotes Info: ... none found.
LaTeX Font Info:    Trying to load font information for T1+ptm on input line 296.
 (/usr/local/texlive/2025/texmf-dist/tex/latex/psnfss/t1ptm.fd
File: t1ptm.fd 2001/06/04 font definitions for T1/ptm.
) (./dissertation.aux (./chapters/ch5_jmp.aux

LaTeX Warning: Label `Budget_Constraint' multiply defined.


LaTeX Warning: Label `eq:foc' multiply defined.

) (./chapters/ch2_solar.aux) (./chapters/ch3_ai_power.aux

LaTeX Warning: Label `fig:placeholder' multiply defined.


LaTeX Warning: Label `fig:placeholder' multiply defined.


LaTeX Warning: Label `fig:placeholder' multiply defined.

))
\openout1 = `dissertation.aux'.

LaTeX Font Info:    Checking defaults for OML/cmm/m/it on input line 296.
LaTeX Font Info:    ... okay on input line 296.
LaTeX Font Info:    Checking defaults for OMS/cmsy/m/n on input line 296.
LaTeX Font Info:    ... okay on input line 296.
LaTeX Font Info:    Checking defaults for OT1/cmr/m/n on input line 296.
LaTeX Font Info:    ... okay on input line 296.
LaTeX Font Info:    Checking defaults for T1/cmr/m/n on input line 296.
LaTeX Font Info:    ... okay on input line 296.
LaTeX Font Info:    Checking defaults for TS1/cmr/m/n on input line 296.
LaTeX Font Info:    ... okay on input line 296.
LaTeX Font Info:    Checking defaults for OMX/cmex/m/n on input line 296.
LaTeX Font Info:    ... okay on input line 296.
LaTeX Font Info:    Checking defaults for U/cmr/m/n on input line 296.
LaTeX Font Info:    ... okay on input line 296.
LaTeX Font Info:    Checking defaults for PD1/pdf/m/n on input line 296.
LaTeX Font Info:    ... okay on input line 296.
LaTeX Font Info:    Checking defaults for PU/pdf/m/n on input line 296.
LaTeX Font Info:    ... okay on input line 296.

*geometry* driver: auto-detecting
*geometry* detected driver: pdftex
*geometry* verbose mode - [ preamble ] result:
* driver: pdftex
* paper: letterpaper
* layout: <same size as paper>
* layoutoffset:(h,v)=(0.0pt,0.0pt)
* modes: 
* h-part:(L,W,R)=(108.405pt, 433.62001pt, 72.26999pt)
* v-part:(T,H,B)=(72.26999pt, 650.43001pt, 72.26999pt)
* \paperwidth=614.295pt
* \paperheight=794.96999pt
* \textwidth=433.62001pt
* \textheight=650.43001pt
* \oddsidemargin=36.13501pt
* \evensidemargin=36.13501pt
* \topmargin=-37.0pt
* \headheight=12.0pt
* \headsep=25.0pt
* \topskip=12.0pt
* \footskip=30.0pt
* \marginparwidth=44.0pt
* \marginparsep=10.0pt
* \columnsep=10.0pt
* \skip\footins=10.8pt plus 4.0pt minus 2.0pt
* \hoffset=0.0pt
* \voffset=0.0pt
* \mag=1000
* \@twocolumnfalse
* \@twosidefalse
* \@mparswitchfalse
* \@reversemarginfalse
* (1in=72.27pt=25.4mm, 1cm=28.453pt)

Package microtype Info: Patching varwidth to enable character protrusion.
\MT@vwid@leftmargin=\dimen374
\MT@vwid@rightmargin=\dimen375
LaTeX Info: Redefining \microtypecontext on input line 296.
Package microtype Info: Applying patch `item' on input line 296.
Package microtype Info: Applying patch `toc' on input line 296.
Package microtype Info: Applying patch `eqnum' on input line 296.
Package microtype Info: Applying patch `footnote' on input line 296.
Package microtype Info: Applying patch `verbatim' on input line 296.
LaTeX Info: Redefining \microtypesetup on input line 296.
Package microtype Info: Generating PDF output.
Package microtype Info: Character protrusion enabled (level 2).
Package microtype Info: Using default protrusion set `alltext'.
Package microtype Info: Automatic font expansion enabled (level 2),
(microtype)             stretch: 20, shrink: 20, step: 1, non-selected.
Package microtype Info: Using default expansion set `alltext-nott'.
Package microtype Info: Patching command `\showhyphens'.
Package microtype Info: No adjustment of tracking.
Package microtype Info: No adjustment of interword spacing.
Package microtype Info: No adjustment of character kerning.
(/usr/local/texlive/2025/texmf-dist/tex/latex/microtype/mt-ptm.cfg
File: mt-ptm.cfg 2006/04/20 v1.7 microtype config. file: Times (RS)
)
Package chapterbib Info: The sectionbib option changes "\chapter *" to "\section *" in \thebibliography on input line 296.
 (/usr/local/texlive/2025/texmf-dist/tex/context/base/mkii/supp-pdf.mkii
[Loading MPS to PDF converter (version 2006.09.02).]
\scratchcounter=\count429
\scratchdimen=\dimen376
\scratchbox=\box175
\nofMPsegments=\count430
\nofMParguments=\count431
\everyMPshowfont=\toks73
\MPscratchCnt=\count432
\MPscratchDim=\dimen377
\MPnumerator=\count433
\makeMPintoPDFobject=\count434
\everyMPtoPDFconversion=\toks74
) (/usr/local/texlive/2025/texmf-dist/tex/latex/epstopdf-pkg/epstopdf-base.sty
Package: epstopdf-base 2020-01-24 v2.11 Base part for package epstopdf
Package epstopdf-base Info: Redefining graphics rule for `.eps' on input line 485.
 (/usr/local/texlive/2025/texmf-dist/tex/latex/latexconfig/epstopdf-sys.cfg
File: epstopdf-sys.cfg 2010/07/13 v1.3 Configuration of (r)epstopdf for TeX Live
))
Package caption Info: Begin \AtBeginDocument code.
Package caption Info: subfig package v1.3 is loaded.
Package caption Info: float package is loaded.
Package caption Info: hyperref package is loaded.
Package caption Info: listings package is loaded.
Package caption Info: longtable package is loaded.
 (/usr/local/texlive/2025/texmf-dist/tex/latex/caption/ltcaption.sty
Package: ltcaption 2021/01/08 v1.4c longtable captions (AR)
)
Package caption Info: rotating package is loaded.
Package caption Info: threeparttable package is loaded.
Package caption Info: wrapfig package is loaded.
Package caption Info: End \AtBeginDocument code.
\c@lstlisting=\count435

Package pgfplots notification 'compat/show suggested version=true': document has been generated with the most recent feature set (\pgfplotsset{compat=1.18}).

Package hyperref Info: Link coloring ON on input line 296.
(./dissertation.out) (./dissertation.out)
\@outlinefile=\write5
\openout5 = `dissertation.out'.

\docmute@nestinglevel=\count436
 (./front_matter/titlepage.tex [1

{/usr/local/texlive/2025/texmf-var/fonts/map/pdftex/updmap/pdftex.map}{/usr/local/texlive/2025/texmf-dist/fonts/enc/dvips/base/8r.enc}] [2]) (./front_matter/approval.tex
pdfTeX warning (ext4): destination with the same identifier (name{page.i}) has been already used, duplicate ignored
<to be read again> 
                   \relax 
l.54 \textbf{Fang Luo}
                       -- Outside Member\\ [1

]) (./front_matter/copyright.tex
pdfTeX warning (ext4): destination with the same identifier (name{page.ii}) has been already used, duplicate ignored
<to be read again> 
                   \relax 
l.4 \clearpage
               [2]) (./front_matter/abstract.tex [3

] [4

]) (./front_matter/dedication.tex) [5


] (./dissertation.toc
LaTeX Font Info:    Trying to load font information for OT1+ztmcm on input line 1.
 (/usr/local/texlive/2025/texmf-dist/tex/latex/psnfss/ot1ztmcm.fd
File: ot1ztmcm.fd 2000/01/03 Fontinst v1.801 font definitions for OT1/ztmcm.
)
Package microtype Info: Loading generic protrusion settings for font family
(microtype)             `ztmcm' (encoding: OT1).
(microtype)             For optimal results, create family-specific settings.
(microtype)             See the microtype manual for details.
LaTeX Font Info:    Trying to load font information for OML+ztmcm on input line 1.
 (/usr/local/texlive/2025/texmf-dist/tex/latex/psnfss/omlztmcm.fd
File: omlztmcm.fd 2000/01/03 Fontinst v1.801 font definitions for OML/ztmcm.
)
LaTeX Font Info:    Trying to load font information for OMS+ztmcm on input line 1.
 (/usr/local/texlive/2025/texmf-dist/tex/latex/psnfss/omsztmcm.fd
File: omsztmcm.fd 2000/01/03 Fontinst v1.801 font definitions for OMS/ztmcm.
)
LaTeX Font Info:    Trying to load font information for OMX+ztmcm on input line 1.
 (/usr/local/texlive/2025/texmf-dist/tex/latex/psnfss/omxztmcm.fd
File: omxztmcm.fd 2000/01/03 Fontinst v1.801 font definitions for OMX/ztmcm.
)
LaTeX Font Info:    Trying to load font information for OT1+ptm on input line 1.
 (/usr/local/texlive/2025/texmf-dist/tex/latex/psnfss/ot1ptm.fd
File: ot1ptm.fd 2001/06/04 font definitions for OT1/ptm.
)
LaTeX Font Info:    Font shape `OT1/ptm/bx/n' in size <12> not available
(Font)              Font shape `OT1/ptm/b/n' tried instead on input line 1.
LaTeX Font Info:    Font shape `OT1/ptm/bx/n' in size <9> not available
(Font)              Font shape `OT1/ptm/b/n' tried instead on input line 1.
LaTeX Font Info:    Font shape `OT1/ptm/bx/n' in size <7> not available
(Font)              Font shape `OT1/ptm/b/n' tried instead on input line 1.
 (/usr/local/texlive/2025/texmf-dist/tex/latex/microtype/mt-msa.cfg
File: mt-msa.cfg 2006/02/04 v1.1 microtype config. file: AMS symbols (a) (RS)
) (/usr/local/texlive/2025/texmf-dist/tex/latex/microtype/mt-msb.cfg
File: mt-msb.cfg 2005/06/01 v1.0 microtype config. file: AMS symbols (b) (RS)
)
LaTeX Font Info:    Trying to load font information for U+rsfs on input line 1.
 (/usr/local/texlive/2025/texmf-dist/tex/latex/jknapltx/ursfs.fd
File: ursfs.fd 1998/03/24 rsfs font definition file (jk)
) [6

] [7] [8] [9] [10])
\tf@toc=\write6
\openout6 = `dissertation.toc'.

 [11] (./dissertation.lof [12

] [13])
\tf@lof=\write7
\openout7 = `dissertation.lof'.

 [14] (./dissertation.lot [15

])
\tf@lot=\write8
\openout8 = `dissertation.lot'.

 (./front_matter/acknowledgments.tex [16] [17


])
\openout2 = `chapters/ch5_jmp.aux'.

 (./chapters/ch5_jmp.tex
Chapter 1.
(../JMP/main_revised_with_figures.tex
Underfull \hbox (badness 10000) in paragraph at lines 83--89

 []

[0





]

Package natbib Warning: Citation `EIAReport' on page 1 undefined on input line 105.

[1] [2]

Package natbib Warning: Citation `butters2021soaking' on page 3 undefined on input line 118.


Package natbib Warning: Citation `elliott2022investment' on page 3 undefined on input line 118.


Package natbib Warning: Citation `gowrisankaran2024energy' on page 3 undefined on input line 118.


Package natbib Warning: Citation `arkolakis2023clean' on page 3 undefined on input line 118.


Package natbib Warning: Citation `gonzales2022dynamic' on page 3 undefined on input line 120.

[3]

Package natbib Warning: Citation `gowrisankaran2024computable' on page 4 undefined on input line 125.

[4]

Package natbib Warning: Citation `butters2021soaking' on page 5 undefined on input line 134.


Package natbib Warning: Citation `elliott2022investment' on page 5 undefined on input line 134.


Package natbib Warning: Citation `elliott2022investment' on page 5 undefined on input line 134.


Package natbib Warning: Citation `gowrisankaran2016intermittency' on page 5 undefined on input line 136.


Package natbib Warning: Citation `gowrisankaran2024energy' on page 5 undefined on input line 136.


Package natbib Warning: Citation `gowrisankaran2024computable' on page 5 undefined on input line 136.

[5]

Package natbib Warning: Citation `holland2022decarbonization' on page 6 undefined on input line 138.


Package natbib Warning: Citation `arkolakis2023clean' on page 6 undefined on input line 140.


Package natbib Warning: Citation `gonzales2022dynamic' on page 6 undefined on input line 142.


Package natbib Warning: Citation `gonzales2022dynamic' on page 6 undefined on input line 142.

[6]

Package natbib Warning: Citation `gonzales2022dynamic' on page 7 undefined on input line 144.


Package natbib Warning: Citation `elliott2022investment' on page 7 undefined on input line 144.


Package natbib Warning: Citation `gowrisankaran2024computable' on page 7 undefined on input line 144.


Package natbib Warning: Citation `pakes1998empirical' on page 7 undefined on input line 144.

[7]

Package natbib Warning: Citation `arkolakis2023clean' on page 8 undefined on input line 160.

[8] [9] [10]

Package natbib Warning: Citation `butters2021soaking' on page 11 undefined on input line 184.


Package natbib Warning: Citation `elliott2022investment' on page 11 undefined on input line 184.


Package natbib Warning: Citation `gonzales2022dynamic' on page 11 undefined on input line 184.

[11] [12]

Package natbib Warning: Citation `gilbert2004allocating' on page 13 undefined on input line 198.


Package natbib Warning: Citation `cramton2017electricity' on page 13 undefined on input line 198.


Package natbib Warning: Citation `gilbert2004allocating' on page 13 undefined on input line 200.

[13] [14] [15] [16] [17] [18] [19] [20]

Package natbib Warning: Citation `pakes1998empirical' on page 21 undefined on input line 344.


Package natbib Warning: Citation `gowrisankaran2024computable' on page 21 undefined on input line 344.

[21]

Package natbib Warning: Citation `gowrisankaran2024computable' on page 22 undefined on input line 346.

[22]

Package natbib Warning: Citation `gowrisankaran2024energy' on page 23 undefined on input line 353.

[23]
<../JMP/images/PriceVsSimulatedPrice.png, id=1368, 1004.19165pt x 426.393pt>
File: ../JMP/images/PriceVsSimulatedPrice.png Graphic file (type png)
<use ../JMP/images/PriceVsSimulatedPrice.png>
Package pdftex.def Info: ../JMP/images/PriceVsSimulatedPrice.png  used on input line 372.
(pdftex.def)             Requested size: 216.81pt x 92.05656pt.
<../JMP/images/capacity_stacked_area_Baseline.png, id=1370, 469.755pt x 209.583pt>
File: ../JMP/images/capacity_stacked_area_Baseline.png Graphic file (type png)
<use ../JMP/images/capacity_stacked_area_Baseline.png>
Package pdftex.def Info: ../JMP/images/capacity_stacked_area_Baseline.png  used on input line 379.
(pdftex.def)             Requested size: 216.81pt x 96.72914pt.
 [24 <../JMP/images/PriceVsSimulatedPrice.png>] [25 <../JMP/images/capacity_stacked_area_Baseline.png>]
<../JMP/images/LMP Decline by Percentage Upgrade.png, id=1386, 874.76813pt x 447.92343pt>
File: ../JMP/images/LMP Decline by Percentage Upgrade.png Graphic file (type png)
<use ../JMP/images/LMP Decline by Percentage Upgrade.png>
Package pdftex.def Info: ../JMP/images/LMP Decline by Percentage Upgrade.png  used on input line 404.
(pdftex.def)             Requested size: 433.62001pt x 222.03375pt.
 [26] [27 <../JMP/images/LMP Decline by Percentage Upgrade.png (PNG copy)>]

Package natbib Warning: Citation `big_wires_act_2023' on page 28 undefined on input line 437.


Package natbib Warning: Citation `hickenlooper2023s' on page 28 undefined on input line 437.


Package natbib Warning: Citation `DOENationalTransmissionNeedsStudy' on page 28 undefined on input line 437.


Package natbib Warning: Citation `joskow2021facilitating' on page 28 undefined on input line 437.


Package natbib Warning: Citation `pfeifenberger2021transmission' on page 28 undefined on input line 437.


Package natbib Warning: Citation `botterud2024evaluating' on page 28 undefined on input line 439.

[28]

Package natbib Warning: Citation `botterud2024evaluating' on page 29 undefined on input line 441.


Package natbib Warning: Citation `botterud2024evaluating' on page 29 undefined on input line 445.

[29] [30] [31] [32] [33]
Overfull \hbox (29.31216pt too wide) in paragraph at lines 584--609
 [][] 
 []

LaTeX Font Info:    Font shape `OT1/ptm/bx/n' in size <10> not available
(Font)              Font shape `OT1/ptm/b/n' tried instead on input line 610.
LaTeX Font Info:    Font shape `OT1/ptm/bx/n' in size <7.4> not available
(Font)              Font shape `OT1/ptm/b/n' tried instead on input line 610.
LaTeX Font Info:    Font shape `OT1/ptm/bx/n' in size <6> not available
(Font)              Font shape `OT1/ptm/b/n' tried instead on input line 610.
[34

] [35] [36]
LaTeX Font Info:    Font shape `OT1/ptm/bx/n' in size <10.95> not available
(Font)              Font shape `OT1/ptm/b/n' tried instead on input line 671.
LaTeX Font Info:    Font shape `OT1/ptm/bx/n' in size <8> not available
(Font)              Font shape `OT1/ptm/b/n' tried instead on input line 671.

Underfull \hbox (badness 1701) in paragraph at lines 680--680
[]|\T1/ptm/m/n/10.95 (+20) All inter-zonal lines re-placed
 []

[37] [38


]
<../JMP/images/ZoneMap (3).png, id=1456, 469.755pt x 242.8272pt>
File: ../JMP/images/ZoneMap (3).png Graphic file (type png)
<use ../JMP/images/ZoneMap (3).png>
Package pdftex.def Info: ../JMP/images/ZoneMap (3).png  used on input line 1110.
(pdftex.def)             Requested size: 216.81pt x 112.07239pt.
<../JMP/images/PriceMap (2).png, id=1457, 921.4425pt x 552.1428pt>
File: ../JMP/images/PriceMap (2).png Graphic file (type png)
<use ../JMP/images/PriceMap (2).png>
Package pdftex.def Info: ../JMP/images/PriceMap (2).png  used on input line 1118.
(pdftex.def)             Requested size: 216.81pt x 129.91365pt.
 [39

 <../JMP/images/ZoneMap (3).png>]
<../JMP/images/GenerationCapacitySolarWind (1).png, id=1463, 1387.584pt x 700.2963pt>
File: ../JMP/images/GenerationCapacitySolarWind (1).png Graphic file (type png)
<use ../JMP/images/GenerationCapacitySolarWind (1).png>
Package pdftex.def Info: ../JMP/images/GenerationCapacitySolarWind (1).png  used on input line 1125.
(pdftex.def)             Requested size: 216.81pt x 109.42102pt.
<../JMP/images/PriceLoadbyHour.png, id=1464, 1387.584pt x 698.8509pt>
File: ../JMP/images/PriceLoadbyHour.png Graphic file (type png)
<use ../JMP/images/PriceLoadbyHour.png>
Package pdftex.def Info: ../JMP/images/PriceLoadbyHour.png  used on input line 1132.
(pdftex.def)             Requested size: 216.81pt x 109.19518pt.
<../JMP/images/ExportGraph (1).png, id=1465, 741.4902pt x 484.209pt>
File: ../JMP/images/ExportGraph (1).png Graphic file (type png)
<use ../JMP/images/ExportGraph (1).png>
Package pdftex.def Info: ../JMP/images/ExportGraph (1).png  used on input line 1139.
(pdftex.def)             Requested size: 216.81pt x 141.577pt.
 [40 <../JMP/images/PriceMap (2).png> <../JMP/images/GenerationCapacitySolarWind (1).png> <../JMP/images/PriceLoadbyHour.png>]
<../JMP/images/Energy Potential by county.png, id=1473, 469.93477pt x 318.56328pt>
File: ../JMP/images/Energy Potential by county.png Graphic file (type png)
<use ../JMP/images/Energy Potential by county.png>
Package pdftex.def Info: ../JMP/images/Energy Potential by county.png  used on input line 1148.
(pdftex.def)             Requested size: 346.89732pt x 235.16927pt.
<../JMP/images/HVDC US.png, id=1474, 421.575pt x 202.50656pt>
File: ../JMP/images/HVDC US.png Graphic file (type png)
<use ../JMP/images/HVDC US.png>
Package pdftex.def Info: ../JMP/images/HVDC US.png  used on input line 1155.
(pdftex.def)             Requested size: 346.89732pt x 166.63734pt.
 [41 <../JMP/images/ExportGraph (1).png> <../JMP/images/Energy Potential by county.png>] [42 <../JMP/images/HVDC US.png>] [43]
<../JMP/images/Estimates.png, id=1491, 1027.84pt x 322.20375pt>
File: ../JMP/images/Estimates.png Graphic file (type png)
<use ../JMP/images/Estimates.png>
Package pdftex.def Info: ../JMP/images/Estimates.png  used on input line 1567.
(pdftex.def)             Requested size: 390.25536pt x 122.33545pt.
Package pgfplots info on input line 1594: Using 'lua backend=false' for axis: x coord trafo unsupported.
 [44 <../JMP/images/Estimates.png (PNG copy)>] [45]

Package natbib Warning: Citation `gilbert2004allocating' on page 46 undefined on input line 1744.


Package natbib Warning: Citation `cramton2017electricity' on page 46 undefined on input line 1744.


Package natbib Warning: Citation `gilbert2004allocating' on page 46 undefined on input line 1744.

LaTeX Font Info:    Trying to load font information for TS1+ptm on input line 1752.
(/usr/local/texlive/2025/texmf-dist/tex/latex/psnfss/ts1ptm.fd
File: ts1ptm.fd 2001/06/04 font definitions for TS1/ptm.
) [46

] [47] [48] [49] [50] [51] [52] [53]

Package natbib Warning: Citation `pakes1998empirical' on page 54 undefined on input line 1927.


Package natbib Warning: Citation `gowrisankaran2024computable' on page 54 undefined on input line 1927.

[54] [55] [56] [57] [58] [59] [60]

Package natbib Warning: Citation `gowrisankaran2024energy' on page 61 undefined on input line 2101.

LaTeX Font Info:    Trying to load font information for U+bbm on input line 2106.
(/usr/local/texlive/2025/texmf-dist/tex/latex/bbm-macros/ubbm.fd
File: ubbm.fd 1999/03/15 V 1.2 Font definition for bbm font - TH
) [61] [62] [63] [64] [65] [66] [67] [68]
Package microtype Info: Loading generic protrusion settings for font family
(microtype)             `cmtt' (encoding: T1).
(microtype)             For optimal results, create family-specific settings.
(microtype)             See the microtype manual for details.
 [69{/usr/local/texlive/2025/texmf-dist/fonts/enc/dvips/cm-super/cm-super-t1.enc}] [70] [71] [72]

Package natbib Warning: Citation `tauchen2001estimating' on page 73 undefined on input line 2354.

[73] [74] [75] [76] [77] [78] [79] [80] [81] [82]

Package natbib Warning: Citation `borenstein2002measuring' on page 83 undefined on input line 2621.


Package natbib Warning: Citation `ito2016sequential' on page 83 undefined on input line 2634.


Package natbib Warning: Citation `jessoe2014knowledge' on page 83 undefined on input line 2634.

[83] [84] [85] [86]
Underfull \hbox (badness 3547) in paragraph at lines 2707--2708
[]|\T1/ptm/m/n/10.95 (+20) Price dis-tri-bu-tion, wel-fare
 []


Underfull \hbox (badness 10000) in paragraph at lines 2711--2712
[]|\T1/ptm/m/n/10.95 (+20) Welfare am-pli-fi-ca-tion or
 []

)
No file chapters/ch5_jmp.bbl.
) [87] [88]
\openout2 = `chapters/ch2_solar.aux'.

 (./chapters/ch2_solar.tex
Chapter 2.
(../Solar Panel Project/Draft_LBD.tex [89





]

Package natbib Warning: Citation `barwick2025drive' on page 90 undefined on input line 164.

[90

]

Package natbib Warning: Citation `barwick2025drive' on page 91 undefined on input line 175.

[91]

Package natbib Warning: Citation `de2019subsidies' on page 92 undefined on input line 189.


Package natbib Warning: Citation `bollinger2025strategic' on page 92 undefined on input line 190.


Package natbib Warning: Citation `head1994infant' on page 92 undefined on input line 195.


Package natbib Warning: Citation `ohashi2005learning' on page 92 undefined on input line 195.


Package natbib Warning: Citation `thompson2001much' on page 92 undefined on input line 195.


Package natbib Warning: Citation `thornton2001learning' on page 92 undefined on input line 195.


Package natbib Warning: Citation `benkard2000learning' on page 92 undefined on input line 195.


Package natbib Warning: Citation `benkard2004dynamic' on page 92 undefined on input line 195.


Package natbib Warning: Citation `su2025LBD' on page 92 undefined on input line 195.


Package natbib Warning: Citation `covert2022winds' on page 92 undefined on input line 195.


Package natbib Warning: Citation `barwick2025drive' on page 92 undefined on input line 195.

[92]

Package natbib Warning: Citation `barwick2025drive' on page 93 undefined on input line 198.


Package natbib Warning: Citation `helveston2022quantifying' on page 93 undefined on input line 199.


Package natbib Warning: Citation `bajari2007estimating' on page 93 undefined on input line 209.


Package natbib Warning: Citation `ryan2012costs' on page 93 undefined on input line 209.


Package natbib Warning: Citation `sweeting2013dynamic' on page 93 undefined on input line 209.

[93]

Package natbib Warning: Citation `bollinger2025strategic' on page 94 undefined on input line 219.

<../Solar Panel Project/Figures/price_graph.png, id=1877, 714.0276pt x 424.9476pt>
File: ../Solar Panel Project/Figures/price_graph.png Graphic file (type png)
<use ../Solar Panel Project/Figures/price_graph.png>
Package pdftex.def Info: ../Solar Panel Project/Figures/price_graph.png  used on input line 251.
(pdftex.def)             Requested size: 199.92636pt x 118.98451pt.
<../Solar Panel Project/Figures/capacity_share_graph.png, id=1878, 860.2539pt x 425.9112pt>
File: ../Solar Panel Project/Figures/capacity_share_graph.png Graphic file (type png)
<use ../Solar Panel Project/Figures/capacity_share_graph.png>
Package pdftex.def Info: ../Solar Panel Project/Figures/capacity_share_graph.png  used on input line 255.
(pdftex.def)             Requested size: 240.86945pt x 119.25432pt.

Overfull \hbox (13.1758pt too wide) in paragraph at lines 251--256
 [][][][][][] 
 []

[94]
<../Solar Panel Project/Figures/polysilicon_price_series.png, id=1885, 716.9184pt x 426.6339pt>
File: ../Solar Panel Project/Figures/polysilicon_price_series.png Graphic file (type png)
<use ../Solar Panel Project/Figures/polysilicon_price_series.png>
Package pdftex.def Info: ../Solar Panel Project/Figures/polysilicon_price_series.png  used on input line 269.
(pdftex.def)             Requested size: 215.07718pt x 127.99115pt.
<../Solar Panel Project/Figures/cadmium_tellurium_prices.png, id=1886, 718.3638pt x 426.393pt>
File: ../Solar Panel Project/Figures/cadmium_tellurium_prices.png Graphic file (type png)
<use ../Solar Panel Project/Figures/cadmium_tellurium_prices.png>
Package pdftex.def Info: ../Solar Panel Project/Figures/cadmium_tellurium_prices.png  used on input line 273.
(pdftex.def)             Requested size: 215.5108pt x 127.91888pt.

Overfull \hbox (2.96797pt too wide) in paragraph at lines 269--274
 [][][][][][] 
 []

[95 <../Solar Panel Project/Figures/price_graph.png> <../Solar Panel Project/Figures/capacity_share_graph.png> <../Solar Panel Project/Figures/polysilicon_price_series.png> <../Solar Panel Project/Figures/cadmium_tellurium_prices.png>]

Package natbib Warning: Citation `iea_golden_sun_2021' on page 96 undefined on input line 283.


Package natbib Warning: Citation `nemet2019solar' on page 96 undefined on input line 285.


Package natbib Warning: Citation `bollinger2025strategic' on page 96 undefined on input line 285.

[96]

Package natbib Warning: Citation `nemet2019solar' on page 97 undefined on input line 287.


Package natbib Warning: Citation `bollinger2025strategic' on page 97 undefined on input line 287.


Package natbib Warning: Citation `urban2016solar' on page 97 undefined on input line 300.


Package natbib Warning: Citation `lexology2010strategic' on page 97 undefined on input line 302.


Package natbib Warning: Citation `nahm2023state' on page 97 undefined on input line 302.


Package natbib Warning: Citation `waferpro_2024_china_silicon_supply' on page 97 undefined on input line 302.

[97]

Package natbib Warning: Citation `barwick2025industrial' on page 98 undefined on input line 304.


Package natbib Warning: Citation `roberts2018role' on page 98 undefined on input line 316.


Package natbib Warning: Citation `barwick2025industrial' on page 98 undefined on input line 316.


Package natbib Warning: Citation `brandt2012creative' on page 98 undefined on input line 316.


Package natbib Warning: Citation `barwick2025industrial' on page 98 undefined on input line 316.

[98]

Package natbib Warning: Citation `OWID_solar_pv_capacity_2025' on page 99 undefined on input line 319.


Package natbib Warning: Citation `gerarden2023demanding' on page 99 undefined on input line 319.

[99]
<../Solar Panel Project/Figures/Fig_data_sum_mkt_share.png, id=1933, 562.2606pt x 421.575pt>
File: ../Solar Panel Project/Figures/Fig_data_sum_mkt_share.png Graphic file (type png)
<use ../Solar Panel Project/Figures/Fig_data_sum_mkt_share.png>
Package pdftex.def Info: ../Solar Panel Project/Figures/Fig_data_sum_mkt_share.png  used on input line 349.
(pdftex.def)             Requested size: 224.90025pt x 168.627pt.
<../Solar Panel Project/Figures/Fig_data_sum_num_firms.png, id=1934, 562.2606pt x 421.575pt>
File: ../Solar Panel Project/Figures/Fig_data_sum_num_firms.png Graphic file (type png)
<use ../Solar Panel Project/Figures/Fig_data_sum_num_firms.png>
Package pdftex.def Info: ../Solar Panel Project/Figures/Fig_data_sum_num_firms.png  used on input line 353.
(pdftex.def)             Requested size: 224.90025pt x 168.627pt.

Overfull \hbox (22.1805pt too wide) in paragraph at lines 349--354
 [][][][][][] 
 []

[100 <../Solar Panel Project/Figures/Fig_data_sum_mkt_share.png (PNG copy)> <../Solar Panel Project/Figures/Fig_data_sum_num_firms.png (PNG copy)>] [101] [102] [103] [104]
Overfull \hbox (42.44254pt too wide) in alignment at lines 489--492
 [][][] []
 []

[105]

Package natbib Warning: Citation `ryan2012costs' on page 106 undefined on input line 503.


Package natbib Warning: Citation `barwick2025industrial' on page 106 undefined on input line 503.


Package natbib Warning: Citation `gowrisankaran2025policy' on page 106 undefined on input line 503.


Package natbib Warning: Citation `chen2024dynamic' on page 106 undefined on input line 503.


Package natbib Warning: Citation `bajari2007estimating' on page 106 undefined on input line 514.


Package natbib Warning: Citation `sweeting2013dynamic' on page 106 undefined on input line 514.

[106]

Package natbib Warning: Citation `bollinger2025strategic' on page 107 undefined on input line 531.

[107] [108]

Package natbib Warning: Citation `bajari2007estimating' on page 109 undefined on input line 574.


Package natbib Warning: Citation `weintraub2008markov' on page 109 undefined on input line 589.


Package natbib Warning: Citation `benkard2015oblivious' on page 109 undefined on input line 589.


Package natbib Warning: Citation `jeon2022learning' on page 109 undefined on input line 589.


Package natbib Warning: Citation `chen2023structural' on page 109 undefined on input line 589.


Package natbib Warning: Citation `barwick2025industrial' on page 109 undefined on input line 589.

[109]

Package natbib Warning: Citation `barwick2025industrial' on page 110 undefined on input line 597.

[110]

Package natbib Warning: Citation `sweeting2013dynamic' on page 111 undefined on input line 617.

[111]
Underfull \hbox (badness 10000) in paragraph at lines 700--700
[]| \T1/ptm/m/n/12 (+20) Indicator(c-Si so-lar
 []

[112] [113] [114]

Package natbib Warning: Citation `chandra2013vat' on page 115 undefined on input line 792.

[115] [116] [117]
<../Solar Panel Project/Figures/ModelFitOverall.png, id=2080, 4185.6375pt x 3086.53125pt>
File: ../Solar Panel Project/Figures/ModelFitOverall.png Graphic file (type png)
<use ../Solar Panel Project/Figures/ModelFitOverall.png>
Package pdftex.def Info: ../Solar Panel Project/Figures/ModelFitOverall.png  used on input line 886.
(pdftex.def)             Requested size: 216.81pt x 159.8459pt.
<../Solar Panel Project/Figures/ModelFitExit.png, id=2081, 4185.6375pt x 3086.53125pt>
File: ../Solar Panel Project/Figures/ModelFitExit.png Graphic file (type png)
<use ../Solar Panel Project/Figures/ModelFitExit.png>
Package pdftex.def Info: ../Solar Panel Project/Figures/ModelFitExit.png  used on input line 893.
(pdftex.def)             Requested size: 216.81pt x 159.8459pt.
 [118 <../Solar Panel Project/Figures/ModelFitOverall.png (PNG copy)> <../Solar Panel Project/Figures/ModelFitExit.png (PNG copy)>] [119]

Package natbib Warning: Citation `sexton2021heterogeneous' on page 120 undefined on input line 935.


Package natbib Warning: Citation `gerarden2023demanding' on page 120 undefined on input line 935.

[120] [121] [122] [123] [124]
<../Solar Panel Project/Figures/crystalline_prices_by_country.png, id=2130, 861.4584pt x 500.1084pt>
File: ../Solar Panel Project/Figures/crystalline_prices_by_country.png Graphic file (type png)
<use ../Solar Panel Project/Figures/crystalline_prices_by_country.png>
Package pdftex.def Info: ../Solar Panel Project/Figures/crystalline_prices_by_country.png  used on input line 1194.
(pdftex.def)             Requested size: 215.36407pt x 125.0268pt.
<../Solar Panel Project/Figures/thinfilm_prices_by_country.png, id=2131, 861.2175pt x 500.1084pt>
File: ../Solar Panel Project/Figures/thinfilm_prices_by_country.png Graphic file (type png)
<use ../Solar Panel Project/Figures/thinfilm_prices_by_country.png>
Package pdftex.def Info: ../Solar Panel Project/Figures/thinfilm_prices_by_country.png  used on input line 1198.
(pdftex.def)             Requested size: 215.30385pt x 125.0268pt.

Overfull \hbox (3.04791pt too wide) in paragraph at lines 1194--1199
 [][][][][][] 
 []

<../Solar Panel Project/Figures/FirmEntryOverTime.png, id=2132, 1551.7975pt x 930.47626pt>
File: ../Solar Panel Project/Figures/FirmEntryOverTime.png Graphic file (type png)
<use ../Solar Panel Project/Figures/FirmEntryOverTime.png>
Package pdftex.def Info: ../Solar Panel Project/Figures/FirmEntryOverTime.png  used on input line 1208.
(pdftex.def)             Requested size: 232.75958pt x 139.56541pt.
<../Solar Panel Project/Figures/FirmExitOverTime.png, id=2133, 1551.7975pt x 930.47626pt>
File: ../Solar Panel Project/Figures/FirmExitOverTime.png Graphic file (type png)
<use ../Solar Panel Project/Figures/FirmExitOverTime.png>
Package pdftex.def Info: ../Solar Panel Project/Figures/FirmExitOverTime.png  used on input line 1212.
(pdftex.def)             Requested size: 232.75958pt x 139.56541pt.

Overfull \hbox (37.89915pt too wide) in paragraph at lines 1208--1213
 [][][][][][] 
 []

)
No file chapters/ch2_solar.bbl.
) [125] [126 <../Solar Panel Project/Figures/crystalline_prices_by_country.png> <../Solar Panel Project/Figures/thinfilm_prices_by_country.png> <../Solar Panel Project/Figures/FirmEntryOverTime.png (PNG copy)> <../Solar Panel Project/Figures/FirmExitOverTime.png (PNG copy)>] [127]
\openout2 = `chapters/ch3_ai_power.aux'.

 (./chapters/ch3_ai_power.tex
Chapter 3.
(../Econometric Model of System-level Impacts of AI on US Power Grids/main.tex [128





] Excluding 'CCSXML' comment.
<../Econometric Model of System-level Impacts of AI on US Power Grids/Figures/Data Center Electricity Consumption over Time (1).jpg, id=2159, 463.7325pt x 316.93407pt>
File: ../Econometric Model of System-level Impacts of AI on US Power Grids/Figures/Data Center Electricity Consumption over Time (1).jpg Graphic file (type jpg)
<use ../Econometric Model of System-level Impacts of AI on US Power Grids/Figures/Data Center Electricity Consumption over Time (1).jpg>
Package pdftex.def Info: ../Econometric Model of System-level Impacts of AI on US Power Grids/Figures/Data Center Electricity Consumption over Time (1).jpg  used on input line 378.
(pdftex.def)             Requested size: 346.89732pt x 237.08578pt.


Package natbib Warning: Citation `Nicoletti_Malik_Tartar_2024' on page 129 undefined on input line 384.


Package natbib Warning: Citation `RN1' on page 129 undefined on input line 386.


Package natbib Warning: Citation `RN3' on page 129 undefined on input line 386.


Package natbib Warning: Citation `RN9' on page 129 undefined on input line 386.


Package natbib Warning: Citation `RN4' on page 129 undefined on input line 386.


Package natbib Warning: Citation `strubell19' on page 129 undefined on input line 386.


Package natbib Warning: Citation `schwartz2020green' on page 129 undefined on input line 386.


Package natbib Warning: Citation `RN7' on page 129 undefined on input line 386.


Package natbib Warning: Citation `RN5' on page 129 undefined on input line 386.


Package natbib Warning: Citation `morrison2025holistically' on page 129 undefined on input line 386.

[129 <../Econometric Model of System-level Impacts of AI on US Power Grids/Figures/Data Center Electricity Consumption over Time (1).jpg>] [130]

Package natbib Warning: Citation `cengiz2019effect' on page 131 undefined on input line 411.


Package natbib Warning: Citation `deshpande2019screened' on page 131 undefined on input line 411.

[131] [132]

Package natbib Warning: Citation `murino2023sustainable' on page 133 undefined on input line 442.


Package natbib Warning: Citation `guidi2024environmental' on page 133 undefined on input line 442.


Package natbib Warning: Citation `thangam2024impact' on page 133 undefined on input line 442.

[133]

Package natbib Warning: Citation `shehabi2024' on page 134 undefined on input line 452.


Package natbib Warning: Citation `gridstrategies2025' on page 134 undefined on input line 452.


Package natbib Warning: Citation `lin2024exploding' on page 134 undefined on input line 452.


Package natbib Warning: Citation `chien2023adapting' on page 134 undefined on input line 452.


Package natbib Warning: Citation `strubell19' on page 134 undefined on input line 454.


Package natbib Warning: Citation `schwartz2020green' on page 134 undefined on input line 454.


Package natbib Warning: Citation `RN2' on page 134 undefined on input line 454.


Package natbib Warning: Citation `RN8' on page 134 undefined on input line 454.


Package natbib Warning: Citation `kim2025cost' on page 134 undefined on input line 454.


Package natbib Warning: Citation `datacenter-carbon' on page 134 undefined on input line 454.


Package natbib Warning: Citation `maji2022dacf' on page 134 undefined on input line 454.


Package natbib Warning: Citation `li2023gnn' on page 134 undefined on input line 454.


Package natbib Warning: Citation `optimizing-grid' on page 134 undefined on input line 454.


Package natbib Warning: Citation `carbon-intensity-forecasting' on page 134 undefined on input line 454.


Package natbib Warning: Citation `maji2024crossroads' on page 134 undefined on input line 454.


Package natbib Warning: Citation `ai-grid-planning' on page 134 undefined on input line 454.


Package natbib Warning: Citation `nicoletti2024' on page 134 undefined on input line 456.


Package natbib Warning: Citation `cmu2025' on page 134 undefined on input line 456.


Package natbib Warning: Citation `jacobs2025' on page 134 undefined on input line 456.


Package natbib Warning: Citation `lindberg2021guide' on page 134 undefined on input line 456.


Package natbib Warning: Citation `chen2019datacenter' on page 134 undefined on input line 456.


Package natbib Warning: Citation `liu2014pricing' on page 134 undefined on input line 456.


Package natbib Warning: Citation `klingert2018mapping' on page 134 undefined on input line 456.


Package natbib Warning: Citation `roth2024did' on page 134 undefined on input line 458.


Package natbib Warning: Citation `pnnl2022' on page 134 undefined on input line 458.

[134] [135]

Package natbib Warning: Citation `fowlie2012industrial' on page 136 undefined on input line 596.


Package natbib Warning: Citation `card1994minimum' on page 136 undefined on input line 596.

<../Econometric Model of System-level Impacts of AI on US Power Grids/Figures/did_estimation.png, id=2197, 354.123pt x 245.9589pt>
File: ../Econometric Model of System-level Impacts of AI on US Power Grids/Figures/did_estimation.png Graphic file (type png)
<use ../Econometric Model of System-level Impacts of AI on US Power Grids/Figures/did_estimation.png>
Package pdftex.def Info: ../Econometric Model of System-level Impacts of AI on US Power Grids/Figures/did_estimation.png  used on input line 605.
(pdftex.def)             Requested size: 260.17465pt x 180.71944pt.
[136] [137 <../Econometric Model of System-level Impacts of AI on US Power Grids/Figures/did_estimation.png>] [138]

Package natbib Warning: Citation `goodman2021difference' on page 139 undefined on input line 668.


Package natbib Warning: Citation `sun2021treatment' on page 139 undefined on input line 668.


Package natbib Warning: Citation `callaway2021difference' on page 139 undefined on input line 668.


Package natbib Warning: Citation `borusyak2024revisiting' on page 139 undefined on input line 668.

[139]

Package natbib Warning: Citation `cengiz2019effect' on page 140 undefined on input line 675.


Package natbib Warning: Citation `deshpande2019screened' on page 140 undefined on input line 675.

[140] [141] [142]

Package natbib Warning: Citation `PJM_DataMiner2_2025' on page 143 undefined on input line 765.

[143] [144] [145] [146]
Underfull \hbox (badness 10000) in paragraph at lines 972--972
[]|\T1/ptm/m/n/8 (+20) 22 mil-lion
 []

[147]

Package natbib Warning: Citation `WhiskerLabs_THD_2024' on page 148 undefined on input line 981.

[148] [149]

Package natbib Warning: Citation `callaway2021difference' on page 150 undefined on input line 1054.


Overfull \vbox (29.00002pt too high) detected at line 1081
 []


Overfull \vbox (14.50003pt too high) detected at line 1089
 []


Overfull \hbox (118.15732pt too wide) in paragraph at lines 1061--1094
 [][] 
 []

[150]

Package natbib Warning: Citation `usfa2019electrical' on page 151 undefined on input line 1105.

[151]

Package natbib Warning: Citation `NEMA_MG1' on page 152 undefined on input line 1114.


Package natbib Warning: Citation `Laughner2024THD' on page 152 undefined on input line 1114.


Package natbib Warning: Citation `EPA_CAPMD_PowerSector2022' on page 152 undefined on input line 1141.

[152]
<../Econometric Model of System-level Impacts of AI on US Power Grids/Figures/event_study_figure.png, id=2323, 553.5882pt x 409.0482pt>
File: ../Econometric Model of System-level Impacts of AI on US Power Grids/Figures/event_study_figure.png Graphic file (type png)
<use ../Econometric Model of System-level Impacts of AI on US Power Grids/Figures/event_study_figure.png>
Package pdftex.def Info: ../Econometric Model of System-level Impacts of AI on US Power Grids/Figures/event_study_figure.png  used on input line 1186.
(pdftex.def)             Requested size: 303.53267pt x 224.29062pt.
 [153 <../Econometric Model of System-level Impacts of AI on US Power Grids/Figures/event_study_figure.png>]
<../Econometric Model of System-level Impacts of AI on US Power Grids/Figures/PJMMap3.png, id=2337, 1069.596pt x 578.8827pt>
File: ../Econometric Model of System-level Impacts of AI on US Power Grids/Figures/PJMMap3.png Graphic file (type png)
<use ../Econometric Model of System-level Impacts of AI on US Power Grids/Figures/PJMMap3.png>
Package pdftex.def Info: ../Econometric Model of System-level Impacts of AI on US Power Grids/Figures/PJMMap3.png  used on input line 1214.
(pdftex.def)             Requested size: 216.81pt x 117.33794pt.


Package natbib Warning: Citation `Nicoletti_Malik_Tartar_2024' on page 154 undefined on input line 1222.


Package natbib Warning: Citation `horsley2025electricbill' on page 154 undefined on input line 1222.


Package natbib Warning: Citation `spp2024stateofthemarket' on page 154 undefined on input line 1222.


Package natbib Warning: Citation `defeuilley2023pennsylvania' on page 154 undefined on input line 1224.


Package natbib Warning: Citation `mackay2024wholesale' on page 154 undefined on input line 1224.

[154 <../Econometric Model of System-level Impacts of AI on US Power Grids/Figures/PJMMap3.png>]
Underfull \hbox (badness 10000) in paragraph at lines 1261--1262

 []

[155]
Underfull \hbox (badness 10000) in paragraph at lines 1265--1266

 []


Underfull \hbox (badness 10000) in paragraph at lines 1267--1268

 []

[156]
Underfull \hbox (badness 10000) in paragraph at lines 1271--1273

 []

[157]
<../Econometric Model of System-level Impacts of AI on US Power Grids/Figures/combined_analysis_figure.png, id=2362, 1091.277pt x 809.424pt>
File: ../Econometric Model of System-level Impacts of AI on US Power Grids/Figures/combined_analysis_figure.png Graphic file (type png)
<use ../Econometric Model of System-level Impacts of AI on US Power Grids/Figures/combined_analysis_figure.png>
Package pdftex.def Info: ../Econometric Model of System-level Impacts of AI on US Power Grids/Figures/combined_analysis_figure.png  used on input line 1307.
(pdftex.def)             Requested size: 390.25536pt x 289.4657pt.
 [158 <../Econometric Model of System-level Impacts of AI on US Power Grids/Figures/combined_analysis_figure.png>] [159]
<../Econometric Model of System-level Impacts of AI on US Power Grids/Figures/HarmonicDistortion.png, id=2372, 994.917pt x 651.03226pt>
File: ../Econometric Model of System-level Impacts of AI on US Power Grids/Figures/HarmonicDistortion.png Graphic file (type png)
<use ../Econometric Model of System-level Impacts of AI on US Power Grids/Figures/HarmonicDistortion.png>
Package pdftex.def Info: ../Econometric Model of System-level Impacts of AI on US Power Grids/Figures/HarmonicDistortion.png  used on input line 1359.
(pdftex.def)             Requested size: 433.62001pt x 283.74312pt.
<../Econometric Model of System-level Impacts of AI on US Power Grids/Figures/Data Centers by State.png, id=2374, 810.957pt x 559.545pt>
File: ../Econometric Model of System-level Impacts of AI on US Power Grids/Figures/Data Centers by State.png Graphic file (type png)
<use ../Econometric Model of System-level Impacts of AI on US Power Grids/Figures/Data Centers by State.png>
Package pdftex.def Info: ../Econometric Model of System-level Impacts of AI on US Power Grids/Figures/Data Centers by State.png  used on input line 1372.
(pdftex.def)             Requested size: 433.62001pt x 299.19566pt.


LaTeX Warning: `h' float specifier changed to `ht'.

<../Econometric Model of System-level Impacts of AI on US Power Grids/Figures/ZoneMap (1).png, id=2375, 496.4949pt x 284.0211pt>
File: ../Econometric Model of System-level Impacts of AI on US Power Grids/Figures/ZoneMap (1).png Graphic file (type png)
<use ../Econometric Model of System-level Impacts of AI on US Power Grids/Figures/ZoneMap (1).png>
Package pdftex.def Info: ../Econometric Model of System-level Impacts of AI on US Power Grids/Figures/ZoneMap (1).png  used on input line 1379.
(pdftex.def)             Requested size: 433.62001pt x 248.06279pt.

LaTeX Warning: `h' float specifier changed to `ht'.

<../Econometric Model of System-level Impacts of AI on US Power Grids/Figures/THD Dataset.jpg, id=2376, 578.16pt x 302.5704pt>
File: ../Econometric Model of System-level Impacts of AI on US Power Grids/Figures/THD Dataset.jpg Graphic file (type jpg)
<use ../Econometric Model of System-level Impacts of AI on US Power Grids/Figures/THD Dataset.jpg>
Package pdftex.def Info: ../Econometric Model of System-level Impacts of AI on US Power Grids/Figures/THD Dataset.jpg  used on input line 1386.
(pdftex.def)             Requested size: 433.62001pt x 226.92723pt.

LaTeX Warning: `h' float specifier changed to `ht'.

<../Econometric Model of System-level Impacts of AI on US Power Grids/Figures/PJMZonalMap.png, id=2377, 1127.21124pt x 649.42625pt>
File: ../Econometric Model of System-level Impacts of AI on US Power Grids/Figures/PJMZonalMap.png Graphic file (type png)
<use ../Econometric Model of System-level Impacts of AI on US Power Grids/Figures/PJMZonalMap.png>
Package pdftex.def Info: ../Econometric Model of System-level Impacts of AI on US Power Grids/Figures/PJMZonalMap.png  used on input line 1393.
(pdftex.def)             Requested size: 325.215pt x 187.36757pt.
[160 <../Econometric Model of System-level Impacts of AI on US Power Grids/Figures/HarmonicDistortion.png>] [161 <../Econometric Model of System-level Impacts of AI on US Power Grids/Figures/Data Centers by State.png> <../Econometric Model of System-level Impacts of AI on US Power Grids/Figures/ZoneMap (1).png>] [162 <../Econometric Model of System-level Impacts of AI on US Power Grids/Figures/THD Dataset.jpg> <../Econometric Model of System-level Impacts of AI on US Power Grids/Figures/PJMZonalMap.png (PNG copy)>]
Underfull \hbox (badness 1043) in paragraph at lines 1416--1417
[]|\T1/ptm/m/n/12 (+20) Market align-ment and re-gional
 []


Underfull \hbox (badness 1565) in paragraph at lines 1421--1421
[]|\T1/ptm/m/n/12 (+20) Hourly generator-level de-mand (MWh) and unit-specific heat rates
 []


Underfull \hbox (badness 1454) in paragraph at lines 1421--1422
[]|\T1/ptm/m/n/12 (+20) Generator de-mand is out-come;
 []

[163]
Underfull \hbox (badness 1629) in paragraph at lines 1473--1473
[]|\T1/ptm/m/n/10 (+20) Data cen-ter lo-ca-tions, own-er-ship, and ca-pac-ity;
 []


Underfull \hbox (badness 4739) in paragraph at lines 1473--1473
[]|\T1/ptm/m/n/10 (+20) Wholesale elec-tric-ity prices: mean $\OT1/ztmcm/m/n/10 $51$\T1/ptm/m/n/10 (+20) /MWh
 []

[164]

Package natbib Warning: Citation `USHouseholdConsumption' on page 165 undefined on input line 1690.

[165




]

Package natbib Warning: Citation `smith2023iowa' on page 166 undefined on input line 1707.


Package natbib Warning: Citation `googlecloud2023mlhub' on page 166 undefined on input line 1708.


Package natbib Warning: Citation `nvidia2021megatron' on page 166 undefined on input line 1709.


Package natbib Warning: Citation `openai_api_nowaitlist_2021' on page 166 undefined on input line 1723.


Package natbib Warning: Citation `anthropic_claude2_1_2023' on page 166 undefined on input line 1724.


Package natbib Warning: Citation `google_palm_api_makersuite_2023' on page 166 undefined on input line 1725.


Package natbib Warning: Citation `meta_llama2_2023' on page 166 undefined on input line 1726.


Package natbib Warning: Citation `meta_code_llama_paper_2023' on page 166 undefined on input line 1727.

<../Econometric Model of System-level Impacts of AI on US Power Grids/Figures/pjm_ai_supply Elasticities.png, id=2408, 611.28375pt x 371.7087pt>
File: ../Econometric Model of System-level Impacts of AI on US Power Grids/Figures/pjm_ai_supply Elasticities.png Graphic file (type png)
<use ../Econometric Model of System-level Impacts of AI on US Power Grids/Figures/pjm_ai_supply Elasticities.png>
Package pdftex.def Info: ../Econometric Model of System-level Impacts of AI on US Power Grids/Figures/pjm_ai_supply Elasticities.png  used on input line 1737.
(pdftex.def)             Requested size: 216.81pt x 131.83556pt.
[166 <../Econometric Model of System-level Impacts of AI on US Power Grids/Figures/pjm_ai_supply Elasticities.png>] [167] [168]

Package natbib Warning: Citation `defeuilley2023pennsylvania' on page 169 undefined on input line 1792.


Package natbib Warning: Citation `defeuilley2023pennsylvania' on page 169 undefined on input line 1793.


Package natbib Warning: Citation `brown2020texas' on page 169 undefined on input line 1795.


Package natbib Warning: Citation `mackay2024wholesale' on page 169 undefined on input line 1796.


Package natbib Warning: Citation `deryugina2020longrun' on page 169 undefined on input line 1800.


Package natbib Warning: Citation `deryugina2020longrun' on page 169 undefined on input line 1801.


Package natbib Warning: Citation `deryugina2020longrun' on page 169 undefined on input line 1802.

[169]

Package natbib Warning: Citation `rosenbaum1983central' on page 170 undefined on input line 1822.


Package natbib Warning: Citation `hirano2003efficient' on page 170 undefined on input line 1822.

[170]

Package natbib Warning: Citation `crump2009dealing' on page 171 undefined on input line 1842.


Package natbib Warning: Citation `hirano2003efficient' on page 171 undefined on input line 1844.

[171]

Package natbib Warning: Citation `santanna2020doubly' on page 172 undefined on input line 1871.


Package natbib Warning: Citation `austin2011introduction' on page 172 undefined on input line 1879.

[172]

Package natbib Warning: Citation `abadie2005semiparametric' on page 173 undefined on input line 1893.


Package natbib Warning: Citation `callaway2021difference' on page 173 undefined on input line 1893.

[173]
Overfull \hbox (1.8893pt too wide) in paragraph at lines 1911--1912
[]\T1/ptm/m/n/12 (-20) We re-estimate our main spec-i-fi-ca-tions us-ing stricter treat-ment def-i-ni-tions. The confirmed-
 []


Package natbib Warning: Citation `callaway2021difference' on page 174 undefined on input line 1917.

[174]

Package natbib Warning: Citation `strubell19' on page 175 undefined on input line 1936.


Package natbib Warning: Citation `schwartz2020green' on page 175 undefined on input line 1936.

[175])
No file chapters/ch3_ai_power.bbl.
) [176]

Package natbib Warning: There were undefined citations.

(./dissertation.aux (./chapters/ch5_jmp.aux) (./chapters/ch2_solar.aux) (./chapters/ch3_ai_power.aux))
 ***********
LaTeX2e <2025-11-01>
L3 programming layer <2025-11-06>
 ***********


LaTeX Warning: There were multiply-defined labels.

Package rerunfilecheck Info: File `dissertation.out' has not changed.
(rerunfilecheck)             Checksum: D11A7163B28913C07C3183727263F9E2;29419.
 ) 
Here is how much of TeX's memory you used:
 52279 strings out of 467538
 1168019 string characters out of 5419552
 1727166 words of memory out of 8000000
 78817 multiletter control sequences out of 15000+600000
 781115 words of font info for 631 fonts, out of 8000000 for 9000
 1141 hyphenation exceptions out of 8191
 84i,19n,398p,1759b,2536s stack positions out of 10000i,1000n,20000p,200000b,200000s
 </home/sandbox/.texlive2025/texmf-var/fonts/pk/ljfour/public/bbm/bbm12.600pk></usr/local/texlive/2025/texmf-dist/fonts/type1/public/amsfonts/cm/cmex10.pfb></usr/local/texlive/2025/texmf-dist/fonts/type1/public/amsfonts/cm/cmmi10.pfb></usr/local/texlive/2025/texmf-dist/fonts/type1/public/amsfonts/cm/cmr10.pfb></usr/local/texlive/2025/texmf-dist/fonts/type1/public/amsfonts/cm/cmsy10.pfb></usr/local/texlive/2025/texmf-dist/fonts/type1/public/amsfonts/symbols/msam10.pfb></usr/local/texlive/2025/texmf-dist/fonts/type1/public/amsfonts/symbols/msbm10.pfb></usr/local/texlive/2025/texmf-dist/fonts/type1/public/rsfs/rsfs10.pfb></usr/local/texlive/2025/texmf-dist/fonts/type1/public/cm-super/sftt1200.pfb></usr/local/texlive/2025/texmf-dist/fonts/type1/urw/symbol/usyr.pfb></usr/local/texlive/2025/texmf-dist/fonts/type1/urw/symbol/usyr.pfb></usr/local/texlive/2025/texmf-dist/fonts/type1/urw/times/utmb8a.pfb></usr/local/texlive/2025/texmf-dist/fonts/type1/urw/times/utmr8a.pfb></usr/local/texlive/2
025/texmf-dist/fonts/type1/urw/times/utmri8a.pfb>
Output written on dissertation.pdf (196 pages, 9319260 bytes).
PDF statistics:
 2699 PDF objects out of 2984 (max. 8388607)
 2378 compressed objects within 24 object streams
 712 named destinations out of 1000 (max. 500000)
 151991 words of extra memory for PDF output out of 154059 (max. 10000000)

